Date,Page Views,Onload (s),Time to Interactive (s),First Contentful Paint (s),Largest Contentful Paint (s),Time to DOM Interactive (s),Time to DOM Content Loaded (s),1stByte (s),DNS (s),TCPCon (s),DOM Duration (s),SSL (s),Redirect (s),Base Page (s),JS Errors (Sampled),INP (s),Total Blocking Time (s),Cumulative Layout Shift
2024-02-01 00:00,4179864,5.15,5.5,2.25,4.68,2.44,2.54,0.63,0.0,0.0,4.2,0.0,0.0,0.0,"79,264",0.352,2.51,1.583
2024-02-02 00:00,3334748,5.11,5.95,2.29,4.68,2.39,2.49,0.66,0.0,0.0,4.16,0.0,0.0,0.0,"65,776",0.352,2.34,1.537
2024-02-03 00:00,4333827,4.88,5.78,2.19,4.51,2.32,2.42,0.64,0.0,0.0,3.99,0.0,0.0,0.0,"89,304",0.352,2.33,1.523
2024-02-04 00:00,4097561,4.84,5.71,2.23,4.55,2.27,2.37,0.64,0.0,0.0,3.93,0.0,0.0,0.0,"79,778",0.336,2.17,1.526
2024-02-05 00:00,2939621,5.09,5.84,2.33,4.72,2.36,2.47,0.68,0.0,0.0,4.12,0.0,0.0,0.0,"55,380",0.336,2.13,1.48
2024-02-06 00:00,2833647,5.03,5.83,2.34,4.75,2.35,2.46,0.68,0.0,0.0,4.06,0.0,0.0,0.0,"55,898",0.336,2.12,1.459
2024-02-07 00:00,2880798,5.09,5.89,2.36,4.75,2.4,2.5,0.68,0.0,0.0,4.11,0.0,0.0,0.0,"54,875",0.336,2.13,1.457
2024-02-08 00:00,2999162,5.04,5.84,2.38,4.75,2.39,2.5,0.69,0.0,0.0,4.04,0.0,0.0,0.0,"53,497",0.336,2.12,1.451
2024-02-09 00:00,3369397,5.19,5.97,2.29,4.66,2.46,2.57,0.67,0.0,0.0,4.21,0.0,0.0,0.0,"68,804",0.344,2.35,1.472
2024-02-10 00:00,4423534,5.03,5.79,2.19,4.52,2.39,2.49,0.63,0.0,0.0,4.11,0.0,0.0,0.0,"83,328",0.344,2.35,1.458
2024-02-11 00:00,3573085,4.93,5.69,2.26,4.57,2.34,2.44,0.65,0.0,0.0,3.98,0.0,0.0,0.0,"69,852",0.336,2.2,1.426
2024-02-12 00:00,2777832,5.16,5.83,2.38,4.74,2.42,2.52,0.69,0.0,0.0,4.17,0.0,0.0,0.0,"50,308",0.328,2.19,1.448
2024-02-13 00:00,2951151,5.15,5.87,2.43,4.86,2.48,2.58,0.77,0.0,0.0,4.09,0.0,0.0,0.0,"43,523",0.328,2.2,1.465
2024-02-14 00:00,2684509,5.28,6.02,2.48,4.93,2.55,2.66,0.83,0.0,0.0,4.16,0.0,0.0,0.0,"39,608",0.328,2.19,1.48
2024-02-15 00:00,3774192,5.14,5.83,2.31,4.63,2.51,2.6,0.75,0.0,0.0,4.03,0.0,0.0,0.0,"50,018",0.32,2.11,1.442
2024-02-16 00:00,3142733,5.43,6.08,2.49,4.92,2.61,2.72,0.83,0.0,0.0,4.29,0.0,0.0,0.0,"43,807",0.336,2.23,1.45
2024-02-17 00:00,4193563,5.15,5.84,2.39,4.72,2.47,2.57,0.78,0.0,0.0,4.08,0.0,0.0,0.0,"64,154",0.328,2.08,1.46
2024-02-18 00:00,4561268,5.24,6.07,2.33,4.7,2.51,2.61,0.77,0.0,0.0,4.19,0.0,0.0,0.0,"60,562",0.336,2.36,1.498
2024-02-19 00:00,4111181,5.37,6.11,2.36,4.78,2.56,2.66,0.78,0.0,0.0,4.3,0.0,0.0,0.0,"58,106",0.352,2.44,1.499
2024-02-20 00:00,2888731,5.49,6.13,2.49,4.97,2.57,2.69,0.81,0.0,0.0,4.38,0.0,0.0,0.0,"42,112",0.344,2.23,1.478
2024-02-21 00:00,3031335,5.53,6.21,2.49,5.02,2.63,2.75,0.8,0.0,0.0,4.4,0.0,0.0,0.0,"44,902",0.344,2.23,1.464
2024-02-22 00:00,2978045,5.56,6.29,2.51,5.0,2.68,2.79,0.81,0.0,0.0,4.43,0.0,0.0,0.0,"41,330",0.36,2.27,1.454
2024-02-23 00:00,3168149,5.5,6.24,2.48,4.95,2.67,2.78,0.81,0.0,0.0,4.38,0.0,0.0,0.0,"43,257",0.36,2.32,1.441
2024-02-24 00:00,4014575,5.33,6.13,2.41,4.88,2.6,2.71,0.79,0.0,0.0,4.25,0.0,0.0,0.0,"55,707",0.352,2.23,1.458
2024-02-25 00:00,5065075,5.26,6.14,2.29,4.73,2.57,2.67,0.74,0.0,0.0,4.24,0.0,0.0,0.0,"71,587",0.368,2.53,1.499
2024-02-26 00:00,3235708,5.45,6.15,2.44,4.96,2.61,2.72,0.78,0.0,0.0,4.35,0.0,0.0,0.0,"46,069",0.352,2.31,1.483
2024-02-27 00:00,3109857,5.36,6.04,2.38,4.86,2.59,2.7,0.78,0.0,0.0,4.27,0.0,0.0,0.0,"42,799",0.32,2.03,1.511
2024-02-28 00:00,3246877,5.29,5.96,2.34,4.8,2.56,2.67,0.76,0.0,0.0,4.19,0.0,0.0,0.0,"46,068",0.312,1.95,1.501
2024-02-29 00:00,3351355,5.32,6.01,2.36,4.78,2.57,2.68,0.75,0.0,0.0,4.22,0.0,0.0,0.0,"45,760",0.304,1.93,1.501
2024-03-01 00:00,3507360,5.5,6.09,2.37,4.76,2.68,2.78,0.79,0.0,0.0,4.39,0.0,0.0,0.0,"43,345",0.312,2.02,1.473
2024-03-02 00:00,4335683,5.11,5.87,2.26,4.63,2.51,2.61,0.74,0.0,0.0,4.07,0.0,0.0,0.0,"54,419",0.304,1.9,1.484
2024-03-03 00:00,4727744,4.99,5.84,2.21,4.51,2.46,2.56,0.72,0.0,0.0,3.97,0.0,0.0,0.0,"58,975",0.304,1.97,1.5
2024-03-04 00:00,3240669,5.26,6.0,2.35,4.75,2.56,2.67,0.78,0.0,0.0,4.17,0.0,0.0,0.0,"41,424",0.304,1.98,1.508
2024-03-05 00:00,3196638,5.23,5.95,2.34,4.74,2.55,2.66,0.77,0.0,0.0,4.14,0.0,0.0,0.0,"71,842",0.304,1.93,1.501
2024-03-06 00:00,3836025,5.4,6.16,2.27,4.7,2.65,2.75,0.75,0.0,0.0,4.34,0.0,0.0,0.0,"100,005",0.312,2.2,1.535
2024-03-07 00:00,3231913,5.24,5.98,2.32,4.79,2.58,2.68,0.77,0.0,0.0,4.16,0.0,0.0,0.0,"88,132",0.304,1.94,1.46
2024-03-08 00:00,3281911,5.28,6.04,2.31,4.82,2.63,2.73,0.78,0.0,0.0,4.18,0.0,0.0,0.0,"88,296",0.304,1.96,1.376
2024-03-09 00:00,4350211,5.05,5.9,2.23,4.68,2.53,2.62,0.76,0.0,0.0,3.99,0.0,0.0,0.0,"116,908",0.296,1.89,1.4
2024-03-10 00:00,4339167,4.95,5.83,2.19,4.64,2.46,2.56,0.74,0.0,0.0,3.93,0.0,0.0,0.0,"114,590",0.296,1.9,1.419
2024-03-11 00:00,3359502,5.24,6.05,2.33,4.92,2.57,2.68,0.77,0.0,0.0,4.14,0.0,0.0,0.0,"53,497",0.304,1.92,1.426
2024-03-12 00:00,3295030,5.22,6.07,2.36,4.97,2.6,2.7,0.78,0.0,0.0,4.11,0.0,0.0,0.0,"43,264",0.304,1.94,1.428
2024-03-13 00:00,4036400,5.29,6.26,2.21,4.77,2.63,2.73,0.74,0.0,0.0,4.25,0.0,0.0,0.0,"53,681",0.32,2.27,1.451
2024-03-14 00:00,3225868,5.17,6.04,2.33,4.86,2.58,2.69,0.79,0.0,0.0,4.07,0.0,0.0,0.0,"42,217",0.312,1.99,1.4
2024-03-15 00:00,3324751,5.09,5.97,2.3,4.8,2.56,2.66,0.78,0.0,0.0,4.0,0.0,0.0,0.0,"43,195",0.304,1.94,1.379
2024-03-16 00:00,4197062,4.96,5.9,2.21,4.62,2.5,2.6,0.75,0.0,0.0,3.9,0.0,0.0,0.0,"53,251",0.304,1.92,1.387
2024-03-17 00:00,4316804,4.83,5.81,2.23,4.65,2.47,2.56,0.77,0.0,0.0,3.78,0.0,0.0,0.0,"53,941",0.296,1.89,1.404
2024-03-18 00:00,3256172,4.99,5.87,2.34,4.87,2.55,2.65,0.81,0.0,0.0,3.9,0.0,0.0,0.0,"42,372",0.304,1.93,1.284
2024-03-19 00:00,4214392,4.85,5.78,2.15,4.66,2.48,2.57,0.71,0.0,0.0,3.8,0.0,0.0,0.0,"50,772",0.304,1.92,1.257
2024-03-20 00:00,3338786,5.01,5.92,2.31,4.84,2.58,2.68,0.77,0.0,0.0,3.9,0.0,0.0,0.0,"43,302",0.304,2.01,1.264
2024-03-21 00:00,3092492,4.94,5.86,2.29,4.8,2.54,2.63,0.75,0.0,0.0,3.85,0.0,0.0,0.0,"39,748",0.304,1.97,1.256
2024-03-22 00:00,3715396,5.09,6.08,2.25,4.78,2.61,2.71,0.77,0.0,0.0,4.02,0.0,0.0,0.0,"47,573",0.32,2.2,1.277
2024-03-23 00:00,4489042,4.91,5.91,2.2,4.68,2.51,2.6,0.77,0.0,0.0,3.85,0.0,0.0,0.0,"57,136",0.312,2.11,1.29
2024-03-24 00:00,4936247,4.84,5.87,2.18,4.67,2.5,2.59,0.76,0.0,0.0,3.82,0.0,0.0,0.0,"67,022",0.312,2.15,1.296
2024-03-25 00:00,3214319,4.98,5.83,2.34,4.92,2.55,2.65,0.79,0.0,0.0,3.9,0.0,0.0,0.0,"42,392",0.304,1.95,1.258
2024-03-26 00:00,3502553,4.86,5.79,2.33,4.89,2.5,2.6,0.77,0.0,0.0,3.8,0.0,0.0,0.0,"45,123",0.312,1.98,1.268
2024-03-27 00:00,3326742,5.0,5.93,2.37,4.95,2.58,2.68,0.81,0.0,0.0,3.89,0.0,0.0,0.0,"42,424",0.312,2.03,1.272
2024-03-28 00:00,3351354,5.0,5.93,2.38,4.94,2.6,2.69,0.82,0.0,0.0,3.88,0.0,0.0,0.0,"45,938",0.32,1.99,1.265
2024-03-29 00:00,3916909,4.94,5.88,2.32,4.82,2.58,2.68,0.79,0.0,0.0,3.85,0.0,0.0,0.0,"53,527",0.32,2.03,1.245
2024-03-30 00:00,4088216,4.91,5.88,2.3,4.81,2.56,2.66,0.79,0.0,0.0,3.83,0.0,0.0,0.0,"55,407",0.312,1.97,1.254
2024-03-31 00:00,3386745,4.94,5.95,2.31,4.87,2.58,2.68,0.82,0.0,0.0,3.85,0.0,0.0,0.0,"47,609",0.312,2.05,1.286
2024-04-01 00:00,3534551,5.07,6.0,2.35,4.84,2.64,2.74,0.82,0.0,0.0,3.95,0.0,0.0,0.0,"46,567",0.312,2.08,1.181
2024-04-02 00:00,3372505,5.13,6.06,2.38,4.87,2.65,2.75,0.85,0.0,0.0,3.98,0.0,0.0,0.0,"46,551",0.304,2.07,1.128
2024-04-03 00:00,3321885,5.19,6.13,2.42,4.94,2.7,2.8,0.86,0.0,0.0,4.0,0.0,0.0,0.0,"47,180",0.304,2.08,1.134
2024-04-04 00:00,3206259,5.17,6.11,2.4,4.88,2.67,2.78,0.86,0.0,0.0,4.0,0.0,0.0,0.0,"48,605",0.304,2.03,1.098
2024-04-05 00:00,3645244,5.21,6.18,2.36,4.87,2.68,2.79,0.84,0.0,0.0,4.04,0.0,0.0,0.0,"52,609",0.304,2.1,1.134
2024-04-06 00:00,4661891,5.13,6.16,2.25,4.71,2.64,2.74,0.8,0.0,0.0,4.01,0.0,0.0,0.0,"61,017",0.304,2.15,1.168
2024-04-07 00:00,4522341,5.05,6.05,2.25,4.72,2.58,2.68,0.8,0.0,0.0,3.94,0.0,0.0,0.0,"61,748",0.304,2.09,1.183
2024-04-08 00:00,3226322,5.25,6.21,2.41,4.91,2.67,2.78,0.84,0.0,0.0,4.08,0.0,0.0,0.0,"45,422",0.312,2.08,1.11
2024-04-09 00:00,3257132,5.58,6.22,2.36,4.75,2.64,2.77,0.85,0.0,0.0,4.42,0.0,0.0,0.0,"46,042",0.312,2.1,1.007
2024-04-10 00:00,3947509,5.66,6.39,2.25,4.63,2.69,2.81,0.81,0.0,0.0,4.53,0.0,0.0,0.0,"53,084",0.32,2.4,1.025
2024-04-11 00:00,3980432,5.65,6.4,2.28,4.7,2.69,2.8,0.81,0.0,0.0,4.48,0.0,0.0,0.0,"53,282",0.312,2.17,1.004
2024-04-12 00:00,3510793,5.45,6.15,2.27,4.65,2.56,2.68,0.81,0.0,0.0,4.33,0.0,0.0,0.0,"48,540",0.304,2.06,1.0
2024-04-13 00:00,4248796,5.31,6.04,2.18,4.5,2.48,2.59,0.76,0.0,0.0,4.24,0.0,0.0,0.0,"58,339",0.304,2.06,1.0
2024-04-14 00:00,4495869,5.29,6.03,2.17,4.48,2.48,2.59,0.75,0.0,0.0,4.22,0.0,0.0,0.0,"57,812",0.304,2.11,1.003
2024-04-15 00:00,3420596,5.4,6.06,2.22,4.54,2.53,2.64,0.77,0.0,0.0,4.29,0.0,0.0,0.0,"46,212",0.304,2.11,1.016
2024-04-16 00:00,3137781,5.36,6.0,2.28,4.53,2.51,2.62,0.81,0.0,0.0,4.24,0.0,0.0,0.0,"42,809",0.296,1.94,1.007
2024-04-17 00:00,3295940,5.38,6.07,2.32,4.61,2.54,2.65,0.81,0.0,0.0,4.25,0.0,0.0,0.0,"45,326",0.296,1.96,1.013
2024-04-18 00:00,3230903,5.42,6.13,2.37,4.68,2.55,2.67,0.84,0.0,0.0,4.28,0.0,0.0,0.0,"45,163",0.304,1.97,1.016
2024-04-19 00:00,3461678,5.53,6.25,2.4,4.69,2.61,2.73,0.87,0.0,0.0,4.36,0.0,0.0,0.0,"49,191",0.32,2.09,1.025
2024-04-20 00:00,4081148,5.39,6.16,2.35,4.59,2.53,2.64,0.83,0.0,0.0,4.27,0.0,0.0,0.0,"55,748",0.32,2.04,1.017
2024-04-21 00:00,4561906,5.31,6.09,2.32,4.57,2.5,2.61,0.81,0.0,0.0,4.2,0.0,0.0,0.0,"64,001",0.328,2.11,1.027
2024-04-22 00:00,3330070,5.5,6.14,2.42,4.83,2.57,2.69,0.86,0.0,0.0,4.35,0.0,0.0,0.0,"50,616",0.328,2.1,1.022
2024-04-23 00:00,3104138,5.59,6.17,2.48,4.92,2.6,2.72,0.9,0.0,0.0,4.4,0.0,0.0,0.0,"43,121",0.32,1.96,1.001
2024-04-24 00:00,3272037,5.54,6.13,2.45,4.84,2.58,2.7,0.88,0.0,0.0,4.35,0.0,0.0,0.0,"46,136",0.32,2.0,1.003
2024-04-25 00:00,3071454,5.55,6.21,2.47,4.84,2.58,2.7,0.89,0.0,0.0,4.37,0.0,0.0,0.0,"43,398",0.32,1.94,1.024
2024-04-26 00:00,3292545,5.55,6.29,2.48,4.81,2.6,2.72,0.89,0.0,0.0,4.37,0.0,0.0,0.0,"44,513",0.328,2.04,1.034
2024-04-27 00:00,3982786,5.46,6.22,2.43,4.71,2.54,2.66,0.84,0.0,0.0,4.33,0.0,0.0,0.0,"52,913",0.328,2.02,1.024
2024-04-28 00:00,4321871,5.35,6.14,2.4,4.7,2.49,2.6,0.83,0.0,0.0,4.24,0.0,0.0,0.0,"61,182",0.336,2.09,1.036
2024-04-29 00:00,3220766,5.61,6.33,2.55,4.94,2.59,2.71,0.9,0.0,0.0,4.43,0.0,0.0,0.0,"44,896",0.336,2.0,1.002
2024-04-30 00:00,3448590,5.8,6.58,2.55,4.94,2.71,2.83,0.87,0.0,0.0,4.57,0.0,0.0,0.0,"45,257",0.344,2.04,1.0
2024-05-01 00:00,3320851,5.69,6.45,2.58,4.96,2.64,2.76,0.89,0.0,0.0,4.49,0.0,0.0,0.0,"53,211",0.352,2.03,1.0
2024-05-02 00:00,3256679,5.68,6.45,2.6,5.02,2.67,2.79,0.91,0.0,0.0,4.44,0.0,0.0,0.0,"45,359",0.344,2.02,1.0
2024-05-03 00:00,3212379,5.57,6.37,2.54,4.89,2.57,2.69,0.87,0.0,0.0,4.41,0.0,0.0,0.0,"43,269",0.352,2.01,1.0
2024-05-04 00:00,4056702,5.43,6.29,2.46,4.76,2.54,2.66,0.84,0.0,0.0,4.3,0.0,0.0,0.0,"52,761",0.344,2.02,1.0
2024-05-05 00:00,3923930,5.33,6.18,2.46,4.72,2.5,2.61,0.84,0.0,0.0,4.2,0.0,0.0,0.0,"49,951",0.344,1.99,1.0
2024-05-06 00:00,3111748,5.53,6.28,2.56,4.85,2.58,2.69,0.88,0.0,0.0,4.36,0.0,0.0,0.0,"42,674",0.344,2.01,1.0
2024-05-07 00:00,3119364,5.53,6.22,2.52,4.84,2.57,2.68,0.87,0.0,0.0,4.37,0.0,0.0,0.0,"43,520",0.336,1.98,1.0
2024-05-08 00:00,3814374,5.54,6.33,2.43,4.77,2.59,2.7,0.81,0.0,0.0,4.45,0.0,0.0,0.0,"53,431",0.36,2.32,1.029
2024-05-09 00:00,3100384,5.38,6.08,2.48,4.75,2.52,2.63,0.84,0.0,0.0,4.28,0.0,0.0,0.0,"48,245",0.336,2.02,1.0
2024-05-10 00:00,3225054,5.5,6.21,2.51,4.77,2.57,2.68,0.85,0.0,0.0,4.35,0.0,0.0,0.0,"41,169",0.336,2.01,1.0
2024-05-11 00:00,3746233,5.45,6.17,2.48,4.75,2.54,2.65,0.84,0.0,0.0,4.32,0.0,0.0,0.0,"51,197",0.328,1.92,1.001
2024-05-12 00:00,3859131,5.39,6.14,2.45,4.68,2.48,2.6,0.83,0.0,0.0,4.28,0.0,0.0,0.0,"52,944",0.328,1.96,1.033
2024-05-13 00:00,3170071,5.53,6.32,2.55,4.88,2.58,2.7,0.88,0.0,0.0,4.37,0.0,0.0,0.0,"42,466",0.336,2.03,1.045
2024-05-14 00:00,3169859,5.49,6.34,2.54,4.89,2.57,2.68,0.87,0.0,0.0,4.34,0.0,0.0,0.0,"43,073",0.328,2.04,1.053
2024-05-15 00:00,3305285,5.54,6.36,2.53,4.87,2.58,2.7,0.82,0.0,0.0,4.38,0.0,0.0,0.0,"46,398",0.336,2.08,1.047
2024-05-16 00:00,3079159,5.62,6.47,2.71,4.96,2.73,2.85,0.92,0.0,0.0,4.32,0.0,0.0,0.0,"51,323",0.32,1.96,1.018
2024-05-17 00:00,3369965,5.59,6.39,2.54,4.75,2.69,2.81,0.89,0.0,0.0,4.37,0.0,0.0,0.0,"43,819",0.32,2.07,1.059
2024-05-18 00:00,4224049,5.39,6.22,2.4,4.6,2.58,2.69,0.84,0.0,0.0,4.26,0.0,0.0,0.0,"56,721",0.32,2.04,1.068
2024-05-19 00:00,4244133,5.3,6.11,2.37,4.53,2.49,2.6,0.82,0.0,0.0,4.18,0.0,0.0,0.0,"56,372",0.296,1.88,1.061
2024-05-20 00:00,3310222,5.48,6.22,2.46,4.64,2.56,2.68,0.86,0.0,0.0,4.31,0.0,0.0,0.0,"47,211",0.296,1.87,1.049
2024-05-21 00:00,3409355,5.44,6.12,2.41,4.58,2.55,2.67,0.85,0.0,0.0,4.26,0.0,0.0,0.0,"48,414",0.288,1.8,1.073
2024-05-22 00:00,3313272,5.47,6.14,2.4,4.56,2.57,2.69,0.87,0.0,0.0,4.29,0.0,0.0,0.0,"48,033",0.28,1.8,1.069
2024-05-23 00:00,3502678,5.44,6.16,2.38,4.54,2.57,2.69,0.86,0.0,0.0,4.27,0.0,0.0,0.0,"48,050",0.288,1.87,1.091
2024-05-24 00:00,3811179,5.5,6.19,2.32,4.46,2.6,2.71,0.84,0.0,0.0,4.35,0.0,0.0,0.0,"49,467",0.288,1.92,1.095
2024-05-25 00:00,4224715,5.37,6.07,2.27,4.37,2.52,2.63,0.83,0.0,0.0,4.24,0.0,0.0,0.0,"58,587",0.28,1.86,1.109
2024-05-26 00:00,4385104,5.31,5.99,2.27,4.35,2.5,2.61,0.82,0.0,0.0,4.2,0.0,0.0,0.0,"60,961",0.272,1.8,1.102
2024-05-27 00:00,4736376,5.16,5.85,2.24,4.36,2.43,2.54,0.8,0.0,0.0,4.07,0.0,0.0,0.0,"67,238",0.272,1.77,1.104
2024-05-28 00:00,3177760,5.38,6.1,2.39,4.54,2.55,2.67,0.9,0.0,0.0,4.19,0.0,0.0,0.0,"43,616",0.272,1.68,1.086
2024-05-29 00:00,3138975,5.29,6.05,2.4,4.56,2.55,2.67,0.91,0.0,0.0,4.08,0.0,0.0,0.0,"47,104",0.272,1.69,1.109
2024-05-30 00:00,3114116,5.26,6.01,2.38,4.55,2.53,2.64,0.92,0.0,0.0,4.03,0.0,0.0,0.0,"49,676",0.28,1.7,1.113
2024-05-31 00:00,3587010,5.33,6.13,2.33,4.55,2.53,2.65,0.89,0.0,0.0,4.09,0.0,0.0,0.0,"49,306",0.28,1.76,1.154
2024-06-01 00:00,4525606,5.22,6.09,2.29,4.53,2.46,2.58,0.86,0.0,0.0,4.01,0.0,0.0,0.0,"62,195",0.28,1.72,1.156
2024-06-02 00:00,5241999,5.16,6.07,2.24,4.46,2.43,2.55,0.82,0.0,0.0,3.98,0.0,0.0,0.0,"71,736",0.28,1.76,1.167
2024-06-03 00:00,3809769,5.29,6.09,2.37,4.66,2.48,2.61,0.89,0.0,0.0,4.03,0.0,0.0,0.0,"53,904",0.272,1.63,1.116
2024-06-04 00:00,4295309,5.22,6.06,2.33,4.6,2.48,2.61,0.86,0.0,0.0,3.98,0.0,0.0,0.0,"57,626",0.28,1.67,1.136
2024-06-05 00:00,4028854,5.25,6.04,2.33,4.6,2.47,2.6,0.87,0.0,0.0,4.02,0.0,0.0,0.0,"179,859",0.272,1.66,1.13
2024-06-06 00:00,4375802,5.41,6.2,2.36,4.62,2.59,2.7,0.86,0.0,0.0,4.21,0.0,0.0,0.0,"60,491",0.288,1.98,1.152
2024-06-07 00:00,3797189,5.33,5.99,2.36,4.54,2.52,2.63,0.86,0.0,0.0,4.16,0.0,0.0,0.0,"52,419",0.272,1.7,1.108
2024-06-08 00:00,4324180,5.1,5.79,2.28,4.45,2.42,2.53,0.83,0.0,0.0,3.97,0.0,0.0,0.0,"61,223",0.264,1.61,1.086
2024-06-09 00:00,4483134,5.09,5.85,2.27,4.4,2.4,2.52,0.82,0.0,0.0,3.97,0.0,0.0,0.0,"58,459",0.272,1.65,1.126
2024-06-10 00:00,3806425,5.24,5.94,2.37,4.61,2.47,2.59,0.89,0.0,0.0,4.04,0.0,0.0,0.0,"52,145",0.28,1.6,1.099
2024-06-11 00:00,4147667,5.21,5.87,2.32,4.64,2.45,2.58,0.89,0.0,0.0,4.0,0.0,0.0,0.0,"68,279",0.272,1.56,1.063
2024-06-12 00:00,3923660,5.16,5.8,2.31,4.67,2.4,2.55,0.89,0.0,0.0,3.95,0.0,0.0,0.0,"60,339",0.272,1.52,1.011
2024-06-13 00:00,3888250,5.25,5.85,2.35,4.66,2.44,2.58,0.9,0.0,0.0,4.02,0.0,0.0,0.0,"61,897",0.28,1.49,1.005
2024-06-14 00:00,4225628,5.27,5.91,2.36,4.61,2.49,2.63,0.9,0.0,0.0,4.02,0.0,0.0,0.0,"62,282",0.28,1.49,1.0
2024-06-15 00:00,4584087,5.17,5.82,2.3,4.5,2.42,2.56,0.89,0.0,0.0,3.95,0.0,0.0,0.0,"68,892",0.272,1.44,1.005
2024-06-16 00:00,4520764,5.09,5.78,2.25,4.43,2.37,2.51,0.87,0.0,0.0,3.89,0.0,0.0,0.0,"67,445",0.264,1.42,1.029
2024-06-17 00:00,3638018,5.16,5.85,2.34,4.62,2.43,2.57,0.91,0.0,0.0,3.93,0.0,0.0,0.0,"54,210",0.272,1.48,1.016
2024-06-18 00:00,3679528,5.18,5.88,2.34,4.62,2.44,2.58,0.91,0.0,0.0,3.94,0.0,0.0,0.0,"56,038",0.272,1.5,1.009
2024-06-19 00:00,3893283,5.17,5.89,2.31,4.6,2.42,2.61,0.9,0.0,0.0,3.95,0.0,0.0,0.0,"73,995",0.288,1.53,1.017
2024-06-20 00:00,3486513,5.29,5.92,2.36,4.69,2.46,2.7,0.93,0.0,0.0,4.03,0.0,0.0,0.0,"83,153",0.304,1.54,1.018
2024-06-21 00:00,3739719,5.33,5.95,2.35,4.67,2.47,2.7,0.92,0.0,0.0,4.06,0.0,0.0,0.0,"80,457",0.312,1.62,1.025
2024-06-22 00:00,4092560,5.21,5.91,2.28,4.59,2.41,2.64,0.9,0.0,0.0,3.98,0.0,0.0,0.0,"91,041",0.304,1.59,1.044
2024-06-23 00:00,4368479,5.09,5.84,2.23,4.53,2.36,2.58,0.87,0.0,0.0,3.9,0.0,0.0,0.0,"93,270",0.304,1.58,1.07
2024-06-24 00:00,3401068,5.33,6.1,2.64,5.27,2.73,2.96,0.94,0.0,0.0,3.79,0.0,0.0,0.0,"76,879",0.312,1.56,1.132
2024-06-25 00:00,3317725,5.45,6.23,2.81,5.48,2.94,3.15,0.91,0.0,0.0,3.88,0.0,0.0,0.0,"70,011",0.32,1.69,1.158
2024-06-26 00:00,3491858,5.54,6.34,2.73,5.4,3.06,3.25,0.87,0.0,0.0,4.03,0.0,0.0,0.0,"77,592",0.32,1.85,1.161
2024-06-27 00:00,3249707,5.47,6.26,2.72,5.36,2.98,3.17,0.87,0.0,0.0,3.99,0.0,0.0,0.0,"70,672",0.32,1.78,1.16
2024-06-28 00:00,3456547,5.48,6.25,2.66,5.29,2.96,3.16,0.86,0.0,0.0,4.01,0.0,0.0,0.0,"73,056",0.32,1.81,1.172
2024-06-29 00:00,4076523,5.46,6.27,2.54,5.1,2.94,3.13,0.83,0.0,0.0,4.02,0.0,0.0,0.0,"84,530",0.32,1.84,1.171
2024-06-30 00:00,4169577,5.37,6.18,2.5,5.06,2.85,3.04,0.82,0.0,0.0,3.95,0.0,0.0,0.0,"88,153",0.32,1.83,1.179
2024-07-01 00:00,3492016,5.58,6.3,2.64,5.31,3.01,3.19,0.87,0.0,0.0,4.09,0.0,0.0,0.0,"75,761",0.328,1.84,1.197
2024-07-02 00:00,3950608,5.61,6.4,2.63,5.32,3.05,3.24,0.87,0.0,0.0,4.11,0.0,0.0,0.0,"92,751",0.336,1.96,1.189
2024-07-03 00:00,3879181,5.6,6.43,2.66,5.38,3.09,3.28,0.89,0.0,0.0,4.06,0.0,0.0,0.0,"83,923",0.336,1.94,1.22
2024-07-04 00:00,3892734,5.55,6.5,2.56,5.22,3.04,3.24,0.85,0.0,0.0,4.06,0.0,0.0,0.0,"86,174",0.336,1.97,1.236
2024-07-05 00:00,3898894,5.53,6.38,2.62,5.29,3.04,3.23,0.87,0.0,0.0,4.0,0.0,0.0,0.0,"93,667",0.328,1.82,1.217
2024-07-06 00:00,4122254,5.42,6.31,2.58,5.22,2.97,3.17,0.86,0.0,0.0,3.91,0.0,0.0,0.0,"88,237",0.328,1.78,1.22
2024-07-07 00:00,4165743,5.28,6.16,2.53,5.16,2.86,3.06,0.85,0.0,0.0,3.78,0.0,0.0,0.0,"84,622",0.328,1.78,1.222
2024-07-08 00:00,3484732,5.39,6.25,2.72,5.44,2.96,3.16,0.9,0.0,0.0,3.84,0.0,0.0,0.0,"74,527",0.328,1.78,1.218
2024-07-09 00:00,3503180,5.48,6.39,2.74,5.47,3.03,3.22,0.91,0.0,0.0,3.92,0.0,0.0,0.0,"71,993",0.336,1.81,1.208
2024-07-10 00:00,4081351,5.54,6.49,2.64,5.33,3.07,3.25,0.87,0.0,0.0,4.04,0.0,0.0,0.0,"83,656",0.344,2.06,1.234
2024-07-11 00:00,3529646,5.43,6.39,2.77,5.46,3.02,3.21,0.9,0.0,0.0,3.85,0.0,0.0,0.0,"77,532",0.336,1.81,1.216
2024-07-12 00:00,3776071,5.47,6.41,2.67,5.37,3.04,3.22,0.87,0.0,0.0,3.92,0.0,0.0,0.0,"81,352",0.336,1.85,1.195
2024-07-13 00:00,3990000,5.39,6.32,2.63,5.29,2.96,3.15,0.85,0.0,0.0,3.87,0.0,0.0,0.0,"83,711",0.328,1.82,1.191
2024-07-14 00:00,4495080,5.42,6.4,2.54,5.18,2.94,3.12,0.83,0.0,0.0,3.95,0.0,0.0,0.0,"94,545",0.336,1.93,1.224
2024-07-15 00:00,3634344,5.48,6.38,2.7,5.4,3.0,3.19,0.89,0.0,0.0,3.93,0.0,0.0,0.0,"77,058",0.336,1.89,1.218
2024-07-16 00:00,3738850,5.6,6.18,2.6,5.11,2.83,3.02,0.89,0.0,0.0,4.22,0.0,0.0,0.0,"75,353",0.336,1.97,0.697
2024-07-17 00:00,3764096,5.42,6.02,2.53,5.01,2.71,2.9,0.9,0.0,0.0,4.11,0.0,0.0,0.0,"78,811",0.328,1.95,0.543
2024-07-18 00:00,3747152,5.44,6.08,2.55,5.04,2.73,2.93,0.9,0.0,0.0,4.1,0.0,0.0,0.0,"78,865",0.32,1.82,0.524
2024-07-19 00:00,3601070,5.1,5.49,2.33,4.52,2.57,2.75,0.81,0.0,0.0,3.83,0.0,0.0,0.0,"79,199",0.288,1.59,0.458
2024-07-20 00:00,4360557,5.48,6.0,2.42,4.8,2.67,2.86,0.85,0.0,0.0,4.18,0.0,0.0,0.0,"93,184",0.312,1.79,0.517
2024-07-21 00:00,4381382,5.36,5.92,2.4,4.79,2.61,2.8,0.84,0.0,0.0,4.1,0.0,0.0,0.0,"97,250",0.312,1.81,0.522
2024-07-22 00:00,3846110,5.53,5.99,2.5,4.96,2.68,2.87,0.88,0.0,0.0,4.22,0.0,0.0,0.0,"79,988",0.32,1.8,0.521
2024-07-23 00:00,3819540,5.59,6.03,2.52,5.0,2.72,2.91,0.89,0.0,0.0,4.26,0.0,0.0,0.0,"79,716",0.312,1.81,0.524
2024-07-24 00:00,4229324,5.66,6.15,2.47,4.65,2.77,2.96,0.86,0.0,0.0,4.35,0.0,0.0,0.0,"88,240",0.328,2.02,0.527
2024-07-25 00:00,4050702,5.52,5.98,2.37,4.49,2.67,2.85,0.84,0.0,0.0,4.28,0.0,0.0,0.0,"84,109",0.32,1.99,0.54
2024-07-26 00:00,3944090,5.59,5.96,2.48,4.61,2.68,2.87,0.88,0.0,0.0,4.32,0.0,0.0,0.0,"101,832",0.32,1.77,0.433
2024-07-27 00:00,4300051,5.41,5.93,2.41,4.54,2.62,2.81,0.84,0.0,0.0,4.18,0.0,0.0,0.0,"112,260",0.312,1.77,0.384
2024-07-28 00:00,4719071,5.29,5.87,2.35,4.44,2.57,2.76,0.81,0.0,0.0,4.08,0.0,0.0,0.0,"146,566",0.312,1.81,0.385
2024-07-29 00:00,4080390,5.42,5.93,2.44,4.56,2.65,2.83,0.86,0.0,0.0,4.16,0.0,0.0,0.0,"147,206",0.312,1.81,0.444
2024-07-30 00:00,4065835,5.42,5.92,2.41,4.58,2.64,2.83,0.85,0.0,0.0,4.16,0.0,0.0,0.0,"163,296",0.304,1.82,0.513
2024-07-31 00:00,4101653,5.48,5.95,2.47,4.65,2.65,2.84,0.85,0.0,0.0,4.21,0.0,0.0,0.0,"172,281",0.312,1.8,0.529
2024-08-01 00:00,4250900,5.57,6.01,2.45,4.61,2.69,2.88,0.85,0.0,0.0,4.29,0.0,0.0,0.0,"168,599",0.312,1.81,0.531
2024-08-02 00:00,4931562,5.54,6.03,2.39,4.52,2.69,2.88,0.84,0.0,0.0,4.29,0.0,0.0,0.0,"280,534",0.32,1.99,0.539
2024-08-03 00:00,5323067,5.37,5.91,2.31,4.42,2.63,2.81,0.82,0.0,0.0,4.16,0.0,0.0,0.0,"280,948",0.312,1.95,0.543
2024-08-04 00:00,5198399,5.29,5.83,2.34,4.41,2.6,2.78,0.84,0.0,0.0,4.04,0.0,0.0,0.0,"291,252",0.304,1.81,0.547
2024-08-05 00:00,4104255,5.54,5.86,2.44,4.66,2.62,2.81,0.96,0.0,0.0,4.22,0.0,0.0,0.0,"170,833",0.296,1.63,0.447
2024-08-06 00:00,4072423,5.58,5.79,2.26,4.38,2.5,2.67,0.87,0.0,0.0,4.43,0.0,0.0,0.0,"172,661",0.28,1.75,0.517
2024-08-07 00:00,4076825,5.53,5.79,2.24,4.35,2.5,2.67,0.85,0.0,0.0,4.39,0.0,0.0,0.0,"171,022",0.28,1.78,0.513
2024-08-08 00:00,4071682,5.68,5.88,2.25,4.26,2.57,2.75,0.84,0.0,0.0,4.41,0.0,0.0,0.0,"186,804",0.264,1.68,0.548
2024-08-09 00:00,4685503,5.75,5.99,2.18,4.11,2.67,2.85,0.81,0.0,0.0,4.42,0.0,0.0,0.0,"407,193",0.264,1.86,0.563
2024-08-10 00:00,5331060,5.58,5.84,2.08,4.0,2.58,2.76,0.79,0.0,0.0,4.3,0.0,0.0,0.0,"346,415",0.264,1.78,0.556
2024-08-11 00:00,5236471,5.5,5.76,2.09,3.97,2.52,2.71,0.79,0.0,0.0,4.23,0.0,0.0,0.0,"286,710",0.248,1.64,0.553
2024-08-12 00:00,4070409,5.7,5.86,2.21,4.16,2.6,2.79,0.82,0.0,0.0,4.35,0.0,0.0,0.0,"84,630",0.256,1.64,0.555
2024-08-13 00:00,3879447,5.73,5.9,2.29,4.23,2.62,2.81,0.85,0.0,0.0,4.36,0.0,0.0,0.0,"74,199",0.256,1.61,0.563
2024-08-14 00:00,3936556,5.8,5.99,2.27,4.21,2.71,2.9,0.86,0.0,0.0,4.37,0.0,0.0,0.0,"55,764",0.256,1.67,0.566
2024-08-15 00:00,4174299,5.98,6.1,2.29,4.28,2.79,2.98,0.83,0.0,0.0,4.54,0.0,0.0,0.0,"55,710",0.264,1.72,0.545
2024-08-16 00:00,4468141,5.92,6.1,2.24,4.2,2.75,2.95,0.84,0.0,0.0,4.51,0.0,0.0,0.0,"61,339",0.256,1.78,0.571
2024-08-17 00:00,5442903,5.68,5.89,2.12,4.06,2.6,2.8,0.79,0.0,0.0,4.36,0.0,0.0,0.0,"76,996",0.256,1.73,0.569
2024-08-18 00:00,5524718,5.59,5.84,2.1,3.98,2.56,2.76,0.78,0.0,0.0,4.27,0.0,0.0,0.0,"74,524",0.248,1.64,0.558
2024-08-19 00:00,3940043,6.4,6.45,2.53,4.63,3.0,3.22,0.93,0.0,0.0,4.82,0.0,0.0,0.0,"55,413",0.248,1.56,0.559
2024-08-20 00:00,3710168,7.75,7.46,3.33,5.56,3.8,4.08,1.06,0.0,0.0,5.88,0.0,0.0,0.0,"56,359",0.28,1.51,0.545
2024-08-21 00:00,3685910,7.31,7.11,3.2,5.37,3.54,3.79,1.06,0.0,0.0,5.48,0.0,0.0,0.0,"54,838",0.288,1.54,0.559
2024-08-22 00:00,3756008,6.49,6.56,2.95,5.03,3.12,3.35,0.97,0.0,0.0,4.81,0.0,0.0,0.0,"57,295",0.28,1.59,0.567
2024-08-23 00:00,4268413,6.08,6.24,2.67,4.66,2.91,3.12,0.91,0.0,0.0,4.47,0.0,0.0,0.0,"63,731",0.288,1.77,0.583
2024-08-24 00:00,5242647,5.88,6.05,2.49,4.47,2.79,2.98,0.86,0.0,0.0,4.37,0.0,0.0,0.0,"75,685",0.288,1.75,0.578
2024-08-25 00:00,4975325,5.83,6.02,2.52,4.45,2.74,2.94,0.88,0.0,0.0,4.32,0.0,0.0,0.0,"65,600",0.272,1.61,0.568
2024-08-26 00:00,3786439,6.02,6.09,2.47,4.63,2.81,3.01,0.92,0.0,0.0,4.46,0.0,0.0,0.0,"51,797",0.256,1.63,0.564
2024-08-27 00:00,3735039,6.07,6.14,2.42,4.63,2.83,3.04,0.91,0.0,0.0,4.53,0.0,0.0,0.0,"49,194",0.256,1.68,0.564
2024-08-28 00:00,3688788,6.08,6.15,2.42,4.68,2.83,3.04,0.93,0.0,0.0,4.52,0.0,0.0,0.0,"51,777",0.256,1.68,0.558
2024-08-29 00:00,3603716,6.08,6.13,2.46,4.67,2.85,3.05,0.95,0.0,0.0,4.52,0.0,0.0,0.0,"48,689",0.256,1.64,0.562
2024-08-30 00:00,4153439,6.06,6.15,2.37,4.55,2.84,3.03,0.93,0.0,0.0,4.56,0.0,0.0,0.0,"57,996",0.264,1.8,0.568
2024-08-31 00:00,4636662,5.95,6.08,2.33,4.45,2.8,2.99,0.94,0.0,0.0,4.43,0.0,0.0,0.0,"62,372",0.256,1.76,0.572
2024-09-01 00:00,4488946,5.95,6.12,2.31,4.4,2.83,3.02,0.95,0.0,0.0,4.43,0.0,0.0,0.0,"56,725",0.256,1.88,0.572
2024-09-02 00:00,4809961,5.78,5.98,2.28,4.36,2.74,2.93,0.95,0.0,0.0,4.29,0.0,0.0,0.0,"66,834",0.256,1.82,0.577
2024-09-03 00:00,3211943,5.98,6.08,2.48,4.57,2.81,3.0,0.99,0.0,0.0,4.38,0.0,0.0,0.0,"44,708",0.256,1.6,0.565
2024-09-04 00:00,3094477,6.02,6.13,2.52,4.66,2.86,3.05,1.01,0.0,0.0,4.39,0.0,0.0,0.0,"42,672",0.256,1.62,0.569
2024-09-05 00:00,3064285,5.92,6.05,2.48,4.59,2.78,2.96,0.99,0.0,0.0,4.37,0.0,0.0,0.0,"42,404",0.256,1.59,0.57
2024-09-06 00:00,3178401,5.93,6.11,2.53,4.63,2.8,2.98,0.99,0.0,0.0,4.39,0.0,0.0,0.0,"42,142",0.256,1.62,0.565
2024-09-07 00:00,4038800,5.8,6.03,2.39,4.46,2.73,2.9,0.96,0.0,0.0,4.3,0.0,0.0,0.0,"52,605",0.256,1.61,0.567
2024-09-08 00:00,3972458,5.74,6.0,2.43,4.46,2.68,2.86,0.95,0.0,0.0,4.23,0.0,0.0,0.0,"52,691",0.248,1.61,0.569
2024-09-09 00:00,2800618,6.04,6.19,2.57,4.73,2.84,3.03,1.03,0.0,0.0,4.39,0.0,0.0,0.0,"42,593",0.256,1.58,0.565
2024-09-10 00:00,2810045,6.08,6.21,2.55,4.71,2.84,3.03,1.0,0.0,0.0,4.47,0.0,0.0,0.0,"37,558",0.256,1.66,0.572
2024-09-11 00:00,2808516,6.01,6.15,2.56,4.69,2.82,3.02,1.02,0.0,0.0,4.39,0.0,0.0,0.0,"39,369",0.248,1.58,0.565
2024-09-12 00:00,3024058,6.06,6.19,2.52,4.63,2.85,3.03,0.99,0.0,0.0,4.51,0.0,0.0,0.0,"40,620",0.248,1.59,0.568
2024-09-13 00:00,3323235,6.07,6.25,2.51,4.63,2.92,3.1,1.02,0.0,0.0,4.46,0.0,0.0,0.0,"44,578",0.256,1.78,0.586
2024-09-14 00:00,4011793,5.89,6.07,2.41,4.52,2.78,2.96,0.98,0.0,0.0,4.35,0.0,0.0,0.0,"54,602",0.248,1.74,0.581
2024-09-15 00:00,3497315,5.87,6.04,2.51,4.58,2.78,2.96,1.02,0.0,0.0,4.29,0.0,0.0,0.0,"45,812",0.24,1.56,0.572
2024-09-16 00:00,2542748,5.91,6.06,2.71,4.92,2.79,3.05,1.25,0.0,0.0,4.12,0.0,0.0,0.0,"35,904",0.232,1.22,0.344
2024-09-17 00:00,2584777,5.83,6.02,2.67,4.82,2.79,3.06,1.24,0.0,0.0,4.01,0.0,0.0,0.0,"37,183",0.232,1.16,0.319
2024-09-18 00:00,2545574,5.56,5.8,2.62,4.83,2.64,2.92,1.2,0.0,0.0,3.75,0.0,0.0,0.0,"33,586",0.232,1.12,0.302
2024-09-19 00:00,2491210,5.71,5.95,2.73,5.03,2.72,3.01,1.27,0.0,0.0,3.86,0.0,0.0,0.0,"34,634",0.232,1.15,0.307
2024-09-20 00:00,2960679,5.56,5.94,2.61,4.87,2.71,3.0,1.22,0.0,0.0,3.68,0.0,0.0,0.0,"40,556",0.232,1.16,0.306
2024-09-21 00:00,3462076,5.36,5.72,2.49,4.71,2.57,2.86,1.19,0.0,0.0,3.61,0.0,0.0,0.0,"49,440",0.232,1.13,0.3
2024-09-22 00:00,3160365,5.4,5.74,2.56,4.76,2.59,2.87,1.23,0.0,0.0,3.63,0.0,0.0,0.0,"44,860",0.224,1.12,0.297
2024-09-23 00:00,2354594,5.67,5.94,2.78,5.03,2.77,3.06,1.31,0.0,0.0,3.75,0.0,0.0,0.0,"33,326",0.224,1.12,0.3
2024-09-24 00:00,2377772,5.62,5.98,2.76,5.02,2.77,3.06,1.28,0.0,0.0,3.73,0.0,0.0,0.0,"34,302",0.224,1.13,0.302
2024-09-25 00:00,2295200,5.68,6.03,2.81,5.05,2.8,3.1,1.31,0.0,0.0,3.77,0.0,0.0,0.0,"32,513",0.232,1.13,0.306
2024-09-26 00:00,2384213,5.73,6.06,2.84,5.1,2.82,3.12,1.33,0.0,0.0,3.79,0.0,0.0,0.0,"32,794",0.232,1.14,0.308
2024-09-27 00:00,2780438,5.59,6.0,2.67,4.92,2.73,3.03,1.26,0.0,0.0,3.73,0.0,0.0,0.0,"38,978",0.232,1.14,0.308
2024-09-28 00:00,3284494,5.48,5.9,2.62,4.89,2.67,2.96,1.23,0.0,0.0,3.62,0.0,0.0,0.0,"46,086",0.232,1.13,0.305
2024-09-29 00:00,3045407,5.51,5.87,2.65,4.88,2.67,2.96,1.26,0.0,0.0,3.68,0.0,0.0,0.0,"43,771",0.224,1.12,0.303
2024-09-30 00:00,2375950,5.55,5.78,2.7,4.96,2.71,3.0,1.28,0.0,0.0,3.72,0.0,0.0,0.0,"33,198",0.224,1.09,0.296
2024-10-01 00:00,2486770,5.64,5.86,2.74,4.96,2.73,3.03,1.24,0.0,0.0,3.82,0.0,0.0,0.0,"34,546",0.232,1.1,0.309
2024-10-02 00:00,3079361,5.36,5.81,2.52,4.74,2.63,2.93,1.16,0.0,0.0,3.58,0.0,0.0,0.0,"47,618",0.24,1.15,0.298
2024-10-03 00:00,2503741,5.47,5.82,2.67,4.88,2.66,2.95,1.18,0.0,0.0,3.69,0.0,0.0,0.0,"37,849",0.232,1.13,0.315
2024-10-04 00:00,2485532,5.48,5.84,2.71,4.9,2.67,2.96,1.16,0.0,0.0,3.69,0.0,0.0,0.0,"33,233",0.24,1.14,0.299
2024-10-05 00:00,2967227,5.39,5.77,2.58,4.74,2.6,2.89,1.11,0.0,0.0,3.66,0.0,0.0,0.0,"37,494",0.232,1.12,0.289
2024-10-06 00:00,2985514,5.24,5.56,2.58,4.72,2.53,2.81,1.12,0.0,0.0,3.56,0.0,0.0,0.0,"39,660",0.248,1.02,0.292
2024-10-07 00:00,2693121,5.37,5.7,2.67,4.83,2.62,2.91,1.14,0.0,0.0,3.64,0.0,0.0,0.0,"35,709",0.264,1.05,0.311
2024-10-08 00:00,2524802,5.64,5.85,2.65,4.25,2.68,2.99,1.12,0.0,0.0,3.8,0.0,0.0,0.0,"32,016",0.256,1.0,0.309
2024-10-09 00:00,2599747,5.72,5.95,2.69,4.1,2.72,3.05,1.09,0.0,0.0,3.8,0.0,0.0,0.0,"31,024",0.272,1.02,0.309
2024-10-10 00:00,2518626,5.83,6.08,2.86,4.2,2.77,3.1,1.1,0.0,0.0,3.87,0.0,0.0,0.0,"31,479",0.272,1.01,0.297
2024-10-11 00:00,2705887,5.75,6.08,2.86,4.2,2.78,3.11,1.1,0.0,0.0,3.8,0.0,0.0,0.0,"33,154",0.28,1.01,0.296
2024-10-12 00:00,3265175,5.64,6.05,2.68,4.07,2.68,3.02,1.06,0.0,0.0,3.73,0.0,0.0,0.0,"39,968",0.272,1.01,0.288
2024-10-13 00:00,3272763,5.58,5.97,2.61,4.03,2.62,2.96,1.07,0.0,0.0,3.7,0.0,0.0,0.0,"40,495",0.264,1.01,0.284
2024-10-14 00:00,2870963,5.67,6.03,2.73,4.17,2.65,2.98,1.11,0.0,0.0,3.77,0.0,0.0,0.0,"34,879",0.264,1.01,0.271
2024-10-15 00:00,2578829,5.75,6.12,2.74,4.2,2.73,3.06,0.86,0.0,0.0,3.79,0.0,0.0,0.0,"39,858",0.264,1.0,0.271
2024-10-16 00:00,3138092,5.56,6.08,2.64,4.07,2.67,3.02,0.77,0.0,0.0,3.64,0.0,0.0,0.0,"59,828",0.272,1.04,0.271
2024-10-17 00:00,2807652,5.8,6.23,2.85,4.24,2.81,3.15,0.8,0.0,0.0,3.81,0.0,0.0,0.0,"53,275",0.272,1.04,0.268
2024-10-18 00:00,2878390,5.77,6.23,2.75,4.16,2.82,3.17,0.8,0.0,0.0,3.79,0.0,0.0,0.0,"52,102",0.272,1.06,0.259
2024-10-19 00:00,3080973,5.75,6.18,2.77,4.17,2.77,3.11,0.8,0.0,0.0,3.77,0.0,0.0,0.0,"58,819",0.272,1.05,0.26
2024-10-20 00:00,3349922,5.64,6.1,2.71,4.14,2.71,3.06,0.79,0.0,0.0,3.69,0.0,0.0,0.0,"156,862",0.264,1.06,0.26
2024-10-21 00:00,2524697,5.91,6.25,2.88,4.32,2.84,3.19,0.82,0.0,0.0,3.88,0.0,0.0,0.0,"199,405",0.272,1.08,0.272
2024-10-22 00:00,2474638,5.93,6.33,2.93,4.35,2.87,3.21,0.83,0.0,0.0,3.89,0.0,0.0,0.0,"199,737",0.272,1.13,0.274
2024-10-23 00:00,2632465,5.87,6.26,2.81,4.24,2.8,3.15,0.81,0.0,0.0,3.88,0.0,0.0,0.0,"217,444",0.272,1.14,0.271
2024-10-24 00:00,2605092,5.79,6.15,2.76,4.21,2.69,3.03,0.8,0.0,0.0,3.89,0.0,0.0,0.0,"209,382",0.272,1.11,0.272
2024-10-25 00:00,2803814,5.71,6.09,2.45,3.89,2.58,2.93,0.58,0.0,0.0,3.88,0.0,0.0,0.0,"222,562",0.272,1.1,0.265
2024-10-26 00:00,3108293,5.63,5.92,2.31,3.75,2.45,2.78,0.48,0.0,0.0,3.82,0.0,0.0,0.0,"159,735",0.264,1.09,0.268
2024-10-27 00:00,3140323,5.63,5.99,2.35,3.79,2.45,2.79,0.49,0.0,0.0,3.81,0.0,0.0,0.0,"175,505",0.264,1.08,0.27
2024-10-28 00:00,2458883,5.85,6.18,2.53,3.91,2.64,2.98,0.51,0.0,0.0,3.98,0.0,0.0,0.0,"146,932",0.264,1.1,0.338
2024-10-29 00:00,2450350,5.79,6.13,2.49,3.85,2.59,2.94,0.5,0.0,0.0,3.94,0.0,0.0,0.0,"59,721",0.272,1.08,0.346
2024-10-30 00:00,2448510,5.75,6.18,2.52,3.82,2.64,2.98,0.51,0.0,0.0,3.83,0.0,0.0,0.0,"2,225",0.272,1.05,0.354
2024-10-31 00:00,2497421,5.56,5.88,2.42,3.66,2.4,2.72,0.49,0.0,0.0,3.73,0.0,0.0,0.0,"27,643",0.272,0.99,0.355
2024-11-01 00:00,2728735,5.64,6.08,2.59,3.86,2.73,3.07,0.53,0.0,0.0,3.76,0.0,0.0,0.0,212,0.272,1.01,0.349
2024-11-02 00:00,3616869,5.52,6.02,2.47,3.73,2.65,3.0,0.52,0.0,0.0,3.68,0.0,0.0,0.0,54,0.272,1.0,0.34
2024-11-03 00:00,3775632,5.46,5.97,2.44,3.68,2.56,2.89,0.51,0.0,0.0,3.69,0.0,0.0,0.0,25,0.272,1.01,0.352
2024-11-04 00:00,3149197,5.55,6.05,2.46,3.83,2.6,2.94,0.51,0.0,0.0,3.7,0.0,0.0,0.0,26,0.28,1.06,0.347
2024-11-05 00:00,2989628,5.62,6.05,2.57,3.95,2.63,2.97,0.51,0.0,0.0,3.72,0.0,0.0,0.0,12,0.28,1.07,0.349
2024-11-06 00:00,2647272,5.7,6.08,2.56,3.91,2.65,2.98,0.52,0.0,0.0,3.85,0.0,0.0,0.0,32,0.271,1.07,0.349
2024-11-07 00:00,3155139,5.56,6.04,2.54,3.9,2.66,2.99,0.53,0.0,0.0,3.7,0.0,0.0,0.0,7,0.264,1.05,0.344
2024-11-08 00:00,2984670,5.55,6.01,2.49,3.86,2.63,2.97,0.53,0.0,0.0,3.71,0.0,0.0,0.0,6,0.264,1.03,0.343
2024-11-09 00:00,3849723,5.43,5.95,2.48,3.81,2.57,2.9,0.53,0.0,0.0,3.63,0.0,0.0,0.0,13,0.257,1.02,0.338
2024-11-10 00:00,4237356,5.26,5.8,2.35,3.72,2.45,2.77,0.51,0.0,0.0,3.54,0.0,0.0,0.0,9,0.256,1.02,0.338
2024-11-11 00:00,3398322,5.59,6.02,2.55,3.85,2.62,2.96,0.54,0.0,0.0,3.78,0.0,0.0,0.0,3,0.256,1.05,0.29
2024-11-12 00:00,3102630,5.7,6.1,2.55,3.86,2.69,3.02,0.53,0.0,0.0,3.84,0.0,0.0,0.0,6,0.251,1.07,0.266
2024-11-13 00:00,3714217,5.83,6.17,2.66,3.88,2.85,3.2,0.53,0.0,0.0,3.79,0.0,0.0,0.0,"15,856",0.249,1.07,0.23
2024-11-14 00:00,3202479,6.09,6.39,2.92,4.11,3.03,3.37,0.56,0.0,0.0,3.9,0.0,0.0,0.0,"35,563",0.249,1.09,0.232
2024-11-15 00:00,3479692,5.89,6.2,2.62,3.88,2.89,3.23,0.54,0.0,0.0,3.81,0.0,0.0,0.0,"41,792",0.256,1.09,0.225
2024-11-16 00:00,3953320,5.86,6.18,2.72,3.92,2.85,3.18,0.55,0.0,0.0,3.79,0.0,0.0,0.0,"45,137",0.24,1.07,0.247
2024-11-17 00:00,4501493,5.59,5.95,2.54,3.86,2.66,2.98,0.53,0.0,0.0,3.67,0.0,0.0,0.0,"49,764",0.234,1.07,0.251
2024-11-18 00:00,3269975,6.0,6.33,2.8,4.03,2.89,3.23,0.54,0.0,0.0,3.91,0.0,0.0,0.0,"36,586",0.248,1.1,0.208
2024-11-19 00:00,3619131,5.97,6.38,2.7,3.99,2.89,3.25,0.54,0.0,0.0,3.9,0.0,0.0,0.0,"39,220",0.25,1.12,0.191
2024-11-20 00:00,3691846,5.93,6.34,2.7,3.98,2.87,3.22,0.53,0.0,0.0,3.84,0.0,0.0,0.0,"41,837",0.256,1.11,0.194
2024-11-21 00:00,3632151,6.0,6.48,2.86,4.09,2.93,3.28,0.55,0.0,0.0,3.89,0.0,0.0,0.0,"69,063",0.248,1.1,0.197
2024-11-22 00:00,3992261,5.83,6.29,2.72,3.95,2.87,3.21,0.55,0.0,0.0,3.81,0.0,0.0,0.0,"52,629",0.248,1.08,0.195
2024-11-23 00:00,4648704,5.68,6.21,2.61,3.9,2.77,3.1,0.55,0.0,0.0,3.67,0.0,0.0,0.0,"68,227",0.24,1.07,0.195
2024-11-24 00:00,5374781,5.51,6.06,2.5,3.78,2.66,3.0,0.55,0.0,0.0,3.57,0.0,0.0,0.0,"75,959",0.24,1.07,0.192
2024-11-25 00:00,4548465,5.79,6.15,2.66,3.89,2.78,3.13,0.57,0.0,0.0,3.85,0.0,0.0,0.0,"68,807",0.256,1.11,0.195
2024-11-26 00:00,4290994,5.97,6.29,2.75,3.94,2.84,3.19,0.58,0.0,0.0,3.97,0.0,0.0,0.0,"997,554",0.256,1.12,0.196
2024-11-27 00:00,4667410,5.9,6.26,2.69,3.89,2.81,3.15,0.59,0.0,0.0,3.94,0.0,0.0,0.0,"1,782,392",0.248,1.11,0.192
2024-11-28 00:00,6404751,5.68,6.11,2.52,3.72,2.71,3.07,0.6,0.0,0.0,3.78,0.0,0.0,0.0,"2,380,325",0.248,1.11,0.194
2024-11-29 00:00,12229003,5.45,5.94,2.4,3.69,2.63,2.95,0.65,0.0,0.0,3.69,0.0,0.0,0.0,"4,115,618",0.24,1.08,0.184
2024-11-30 00:00,7850989,5.55,6.04,2.39,3.69,2.62,2.96,0.62,0.0,0.0,3.7,0.0,0.0,0.0,"2,638,375",0.24,1.08,0.187
2024-12-01 00:00,7359681,5.59,6.06,2.48,3.73,2.65,2.99,0.64,0.0,0.0,3.73,0.0,0.0,0.0,"2,524,377",0.24,1.08,0.187
2024-12-02 00:00,7440224,5.37,5.77,2.55,3.87,2.53,2.85,0.64,0.0,0.0,3.65,0.0,0.0,0.0,"2,795,548",0.24,1.07,0.211
2024-12-03 00:00,5299277,5.51,5.97,2.56,3.87,2.61,2.93,0.62,0.0,0.0,3.69,0.0,0.0,0.0,"2,084,374",0.248,1.09,0.192
2024-12-04 00:00,5485688,5.56,5.99,2.51,3.81,2.61,2.94,0.6,0.0,0.0,3.72,0.0,0.0,0.0,"2,136,319",0.256,1.11,0.195
2024-12-05 00:00,5205593,5.68,6.12,2.6,3.87,2.67,3.0,0.62,0.0,0.0,3.8,0.0,0.0,0.0,"766,813",0.248,1.12,0.191
2024-12-06 00:00,5629508,5.67,6.13,2.51,3.79,2.65,2.99,0.64,0.0,0.0,3.81,0.0,0.0,0.0,"89,011",0.248,1.11,0.192
2024-12-07 00:00,6896828,5.45,5.91,2.35,3.68,2.52,2.85,0.63,0.0,0.0,3.65,0.0,0.0,0.0,"102,279",0.24,1.09,0.195
2024-12-08 00:00,6893333,5.46,5.96,2.39,3.67,2.5,2.83,0.61,0.0,0.0,3.69,0.0,0.0,0.0,"104,372",0.24,1.09,0.215
2024-12-09 00:00,5857384,5.73,6.09,2.55,3.87,2.67,3.0,0.64,0.0,0.0,3.87,0.0,0.0,0.0,"94,986",0.248,1.12,0.22
2024-12-10 00:00,5565874,5.71,6.19,2.59,3.88,2.71,3.05,0.64,0.0,0.0,3.82,0.0,0.0,0.0,"81,478",0.248,1.12,0.2
2024-12-11 00:00,5656915,5.55,6.06,2.5,3.82,2.57,2.9,0.62,0.0,0.0,3.77,0.0,0.0,0.0,"82,352",0.248,1.11,0.198
2024-12-12 00:00,5859808,5.57,6.06,2.49,3.82,2.55,2.88,0.61,0.0,0.0,3.79,0.0,0.0,0.0,"81,837",0.24,1.1,0.198
2024-12-13 00:00,5621431,5.44,5.92,2.37,3.78,2.5,2.82,0.62,0.0,0.0,3.69,0.0,0.0,0.0,"72,437",0.24,1.08,0.195
2024-12-14 00:00,6532337,5.43,5.93,2.34,3.71,2.49,2.8,0.62,0.0,0.0,3.67,0.0,0.0,0.0,"94,482",0.232,1.06,0.209
2024-12-15 00:00,6818734,5.36,5.88,2.32,3.75,2.44,2.75,0.62,0.0,0.0,3.64,0.0,0.0,0.0,"94,911",0.232,1.08,0.212
2024-12-16 00:00,5834039,5.47,5.95,2.49,3.84,2.53,2.84,0.63,0.0,0.0,3.71,0.0,0.0,0.0,"78,367",0.24,1.09,0.192
2024-12-17 00:00,5996840,5.48,5.96,2.46,3.84,2.54,2.87,0.62,0.0,0.0,3.68,0.0,0.0,0.0,"73,383",0.24,1.09,0.194
2024-12-18 00:00,6151627,5.44,5.94,2.44,3.88,2.51,2.83,0.61,0.0,0.0,3.65,0.0,0.0,0.0,"81,702",0.24,1.1,0.196
2024-12-19 00:00,6098056,5.47,5.92,2.46,3.88,2.51,2.83,0.61,0.0,0.0,3.71,0.0,0.0,0.0,"83,030",0.24,1.1,0.198
2024-12-20 00:00,5916016,5.41,5.87,2.43,3.85,2.51,2.82,0.62,0.0,0.0,3.65,0.0,0.0,0.0,"82,657",0.24,1.1,0.199
2024-12-21 00:00,6893385,5.22,5.7,2.3,3.73,2.44,2.75,0.62,0.0,0.0,3.53,0.0,0.0,0.0,"98,070",0.24,1.08,0.205
2024-12-22 00:00,6425617,5.24,5.71,2.37,3.73,2.42,2.73,0.61,0.0,0.0,3.54,0.0,0.0,0.0,"93,190",0.24,1.08,0.198
2024-12-23 00:00,6048600,5.3,5.74,2.45,3.8,2.5,2.81,0.64,0.0,0.0,3.58,0.0,0.0,0.0,"83,057",0.248,1.09,0.193
2024-12-24 00:00,4423512,5.39,5.78,2.41,3.81,2.53,2.83,0.62,0.0,0.0,3.59,0.0,0.0,0.0,"65,492",0.248,1.09,0.198
2024-12-25 00:00,3735533,5.47,5.85,2.5,3.81,2.51,2.82,0.63,0.0,0.0,3.62,0.0,0.0,0.0,"54,923",0.24,1.08,0.202
2024-12-26 00:00,5181196,5.26,5.75,2.3,3.66,2.49,2.81,0.66,0.0,0.0,3.51,0.0,0.0,0.0,"69,056",0.232,1.06,0.189
2024-12-27 00:00,4114429,5.48,5.95,2.52,3.84,2.64,2.96,0.68,0.0,0.0,3.56,0.0,0.0,0.0,"52,857",0.24,1.08,0.187
2024-12-28 00:00,4052220,5.44,5.95,2.46,3.81,2.62,2.94,0.68,0.0,0.0,3.49,0.0,0.0,0.0,"51,961",0.232,1.07,0.186
2024-12-29 00:00,3796965,5.48,6.0,2.54,3.82,2.64,2.97,0.67,0.0,0.0,3.51,0.0,0.0,0.0,"48,472",0.24,1.08,0.186
2024-12-30 00:00,3188610,5.56,6.01,2.59,3.85,2.7,3.03,0.69,0.0,0.0,3.6,0.0,0.0,0.0,"40,014",0.232,1.07,0.186
2024-12-31 00:00,2692192,5.68,6.12,2.7,3.94,2.77,3.1,0.67,0.0,0.0,3.62,0.0,0.0,0.0,"35,473",0.24,1.08,0.186
2025-01-01 00:00,3053579,5.57,6.07,2.64,3.89,2.7,3.03,0.67,0.0,0.0,3.54,0.0,0.0,0.0,"41,299",0.232,1.08,0.187
2025-01-02 00:00,3511905,5.58,6.03,2.6,3.86,2.68,3.02,0.67,0.0,0.0,3.6,0.0,0.0,0.0,"44,281",0.24,1.1,0.189
2025-01-03 00:00,3320653,5.64,6.13,2.63,3.93,2.73,3.06,0.67,0.0,0.0,3.64,0.0,0.0,0.0,"43,590",0.232,1.09,0.186
2025-01-04 00:00,4045743,5.53,6.07,2.46,3.75,2.64,2.98,0.67,0.0,0.0,3.56,0.0,0.0,0.0,"50,613",0.232,1.06,0.186
2025-01-05 00:00,3857259,5.56,6.09,2.46,3.75,2.63,2.96,0.65,0.0,0.0,3.58,0.0,0.0,0.0,"49,887",0.232,1.07,0.187
2025-01-06 00:00,3013429,5.75,6.21,2.78,3.95,2.77,3.1,0.66,0.0,0.0,3.73,0.0,0.0,0.0,"40,090",0.232,1.09,0.187
2025-01-07 00:00,3004585,5.85,6.33,2.86,4.02,2.83,3.17,0.66,0.0,0.0,3.78,0.0,0.0,0.0,"42,997",0.248,1.1,0.188
2025-01-08 00:00,3170082,5.76,6.22,2.68,3.87,2.78,3.13,0.79,0.0,0.0,3.76,0.0,0.0,0.0,"39,508",0.24,1.08,0.186
2025-01-09 00:00,2907864,5.75,6.25,2.84,3.94,2.88,3.21,0.78,0.0,0.0,3.71,0.0,0.0,0.0,"39,229",0.24,1.1,0.187
2025-01-10 00:00,2911863,5.69,6.17,2.72,3.87,2.85,3.17,0.68,0.0,0.0,3.68,0.0,0.0,0.0,"38,668",0.248,1.1,0.192
2025-01-11 00:00,3629469,5.56,6.06,2.6,3.8,2.72,3.04,0.67,0.0,0.0,3.6,0.0,0.0,0.0,"47,292",0.24,1.09,0.192
2025-01-12 00:00,3815386,5.59,6.09,2.6,3.84,2.74,3.07,0.68,0.0,0.0,3.56,0.0,0.0,0.0,"48,766",0.24,1.07,0.192
2025-01-13 00:00,2954051,5.85,6.03,2.71,3.9,2.89,3.2,0.7,0.0,0.0,3.79,0.0,0.0,0.0,"41,291",0.24,1.09,0.191
2025-01-14 00:00,2598287,5.96,5.98,2.82,4.1,2.97,3.29,0.69,0.0,0.0,3.84,0.0,0.0,0.0,"54,108",0.24,1.07,0.188
2025-01-15 00:00,2741705,5.97,6.07,2.82,4.13,2.94,3.27,0.68,0.0,0.0,3.83,0.0,0.0,0.0,"55,818",0.248,1.09,0.19
2025-01-16 00:00,2772734,5.97,6.11,2.86,4.17,2.92,3.25,0.68,0.0,0.0,3.82,0.0,0.0,0.0,"57,958",0.248,1.11,0.19
2025-01-17 00:00,2833085,5.9,6.08,2.75,4.07,2.94,3.27,0.69,0.0,0.0,3.74,0.0,0.0,0.0,"67,961",0.24,1.09,0.191
2025-01-18 00:00,3434539,5.66,6.05,2.67,4.07,2.87,3.2,0.7,0.0,0.0,3.53,0.0,0.0,0.0,"68,129",0.232,1.11,0.194
2025-01-19 00:00,3843666,5.31,5.82,2.57,4.02,2.66,3.0,0.67,0.0,0.0,3.31,0.0,0.0,0.0,"75,081",0.232,1.08,0.195
2025-01-20 00:00,3139217,5.51,5.97,2.74,4.05,2.83,3.15,0.69,0.0,0.0,3.43,0.0,0.0,0.0,"61,098",0.24,1.1,0.192
2025-01-21 00:00,2720912,5.61,5.99,2.84,4.04,2.89,3.22,0.68,0.0,0.0,3.55,0.0,0.0,0.0,"51,618",0.24,1.08,0.188
2025-01-22 00:00,2989196,5.69,6.02,2.9,4.11,3.0,3.34,0.68,0.0,0.0,3.56,0.0,0.0,0.0,"55,446",0.248,1.07,0.188
2025-01-23 00:00,2595559,5.83,6.2,3.03,4.2,3.09,3.41,0.7,0.0,0.0,3.64,0.0,0.0,0.0,"48,245",0.248,1.07,0.187
2025-01-24 00:00,2767524,5.7,6.09,2.99,4.17,3.01,3.35,0.68,0.0,0.0,3.57,0.0,0.0,0.0,"48,438",0.248,1.07,0.191
2025-01-25 00:00,3468812,5.55,6.01,2.87,4.08,2.9,3.22,0.67,0.0,0.0,3.49,0.0,0.0,0.0,"66,221",0.24,1.04,0.19
2025-01-26 00:00,3742644,5.47,5.92,2.8,4.01,2.83,3.16,0.66,0.0,0.0,3.43,0.0,0.0,0.0,"67,165",0.24,1.05,0.189
2025-01-27 00:00,2635958,5.68,6.16,3.03,4.21,3.02,3.34,0.7,0.0,0.0,3.63,0.0,0.0,0.0,"48,098",0.24,1.08,0.19
2025-01-28 00:00,2544282,5.53,6.01,2.75,4.05,2.87,3.18,0.69,0.0,0.0,3.62,0.0,0.0,0.0,"46,806",0.24,1.05,0.191
2025-01-29 00:00,2987429,5.33,5.83,2.51,3.84,2.74,3.06,0.67,0.0,0.0,3.52,0.0,0.0,0.0,"55,137",0.24,1.05,0.192
2025-01-30 00:00,2712595,5.44,5.94,2.63,3.92,2.78,3.1,0.68,0.0,0.0,3.58,0.0,0.0,0.0,"49,637",0.24,1.05,0.19
2025-01-31 00:00,2834183,5.43,5.98,2.62,3.92,2.79,3.12,0.69,0.0,0.0,3.59,0.0,0.0,0.0,"51,649",0.24,1.11,0.189
