Page Name,Page Views,Onload (s),First Byte (s),Largest Contentful Paint (s),Interaction to Next Paint (s),Cumulative Layout Shift,LCP Time to First Byte (ms),LCP Resource Load Delay (ms),LCP Resource Load Time (ms),LCP Element Render Delay (ms),LCP Time to First Byte (%),LCP Resource Load Delay (%),LCP Resource Load Time (%),LCP Element Render Delay (%),INP Start (ms),INP Input Delay (ms),INP Next Paint Time (ms)
MAUI,3347,1.91,0.53,3.95,0.09,0.949,0.0,0.0,0.0,0.0,0.0,0.0,0.0,0.0,12240.0,0.0,0.0
CART,24515,1.14,0.26,3.17,0.16,1.988,0.0,0.0,0.0,0.0,0.0,0.0,0.0,0.0,0.0,0.0,0.0
CART,705,0.97,0.28,2.68,0.11,2.066,0.0,0.0,0.0,0.0,0.0,0.0,0.0,0.0,0.0,0.0,0.0
CART,63434,1.48,0.3,3.13,0.14,2.046,0.0,0.0,0.0,0.0,0.0,0.0,0.0,0.0,0.0,0.0,0.0
CART,30,9.69,1.25,2.53,0.06,0.826,0.0,0.0,0.0,0.0,0.0,0.0,0.0,0.0,0.0,0.0,0.0
CART,743,1.44,0.33,2.85,0.1,2.114,0.0,0.0,0.0,0.0,0.0,0.0,0.0,0.0,0.0,0.0,0.0
CHECKOUT,111,0.94,0.32,3.41,0.14,0.874,0.0,0.0,0.0,0.0,0.0,0.0,0.0,0.0,0.0,0.0,0.0
CHECKOUT,12,1.23,0.73,0.0,0.0,0.0,0.0,0.0,0.0,0.0,0.0,0.0,0.0,0.0,0.0,0.0,0.0
CHECKOUT,2021,0.86,0.27,2.86,0.21,0.814,0.0,0.0,0.0,0.0,0.0,0.0,0.0,0.0,0.0,0.0,0.0
CHECKOUT,8,2.46,0.9,0.0,0.0,0.0,0.0,0.0,0.0,0.0,0.0,0.0,0.0,0.0,0.0,0.0,0.0
CART,36,1.36,0.36,3.41,0.15,0.137,416.0,1027.0,47.0,2047.0,12.0,31.0,2.0,60.0,10421.0,9.0,10581.0
HOME,136546,8.615,0.43,3.15,0.715,0.018,500.5,1195.0,40.0,981.0,25.0,39.0,2.0,37.0,7192.5,101.0,7597.0
HOME,74465392,5.4399999999999995,0.49,2.865,0.215,0.224,293.5,548.0,196.0,395.0,17.0,27.5,9.5,24.5,25441.0,37.5,7998.5
HOME,2765,4.96,0.46,3.16,0.36,0.164,603.0,1289.0,430.0,805.0,34.0,52.0,22.0,37.0,29234.0,139.0,29710.0
HOME,3072,2.04,0.38,1.49,0.14,0.138,429.0,343.0,60.0,554.0,44.0,39.0,7.0,54.0,19288.0,37.0,19439.0
HOME,3292,14.63,1.23,5.55,0.49,0.244,0.0,0.0,0.0,0.0,0.0,0.0,0.0,0.0,0.0,0.0,0.0
HOME,3272,14.34,1.24,5.5,0.4,0.243,0.0,0.0,0.0,0.0,0.0,0.0,0.0,0.0,0.0,0.0,0.0
HOME,7916,7.0,1.09,4.71,0.22,0.519,0.0,0.0,0.0,0.0,0.0,0.0,0.0,0.0,0.0,0.0,0.0
HOME,200385,5.625,1.1150000000000002,3.25,0.17,0.20500000000000002,637.0,471.5,156.0,334.5,27.5,20.5,7.0,18.5,8450.0,23.5,8479.5
HOME,2878,5.46,1.0,0.0,0.0,0.0,0.0,0.0,0.0,0.0,0.0,0.0,0.0,0.0,0.0,0.0,0.0
HOME,3637,6.22,0.9,0.0,0.0,0.0,0.0,0.0,0.0,0.0,0.0,0.0,0.0,0.0,0.0,0.0,0.0
HOME,3560,5.63,0.91,0.0,0.0,0.0,0.0,0.0,0.0,0.0,0.0,0.0,0.0,0.0,0.0,0.0,0.0
HOME,2894,5.32,0.9,0.0,0.0,0.0,0.0,0.0,0.0,0.0,0.0,0.0,0.0,0.0,0.0,0.0,0.0
HOME,2604,5.41,0.95,2.33,0.14,0.126,812.0,261.0,71.0,1059.0,35.0,17.0,3.0,46.0,0.0,0.0,0.0
HOME,2604,5.32,1.01,0.0,0.0,0.0,0.0,0.0,0.0,0.0,0.0,0.0,0.0,0.0,0.0,0.0,0.0
HOME,3104,5.54,0.92,0.0,0.0,0.0,0.0,0.0,0.0,0.0,0.0,0.0,0.0,0.0,0.0,0.0,0.0
HOME,3514,6.2,0.88,0.0,0.0,0.0,0.0,0.0,0.0,0.0,0.0,0.0,0.0,0.0,0.0,0.0,0.0
HOME,2140,5.64,1.1,0.0,0.0,0.0,0.0,0.0,0.0,0.0,0.0,0.0,0.0,0.0,0.0,0.0,0.0
HOME,3669,5.96,0.89,0.0,0.0,0.0,0.0,0.0,0.0,0.0,0.0,0.0,0.0,0.0,0.0,0.0,0.0
HOME,2572,5.7,0.98,0.0,0.0,0.0,0.0,0.0,0.0,0.0,0.0,0.0,0.0,0.0,0.0,0.0,0.0
HOME,3528,6.26,0.92,0.0,0.0,0.0,0.0,0.0,0.0,0.0,0.0,0.0,0.0,0.0,0.0,0.0,0.0
HOME,2171,5.65,1.08,0.0,0.0,0.0,0.0,0.0,0.0,0.0,0.0,0.0,0.0,0.0,0.0,0.0,0.0
HOME,2186,5.68,1.06,0.0,0.0,0.0,0.0,0.0,0.0,0.0,0.0,0.0,0.0,0.0,0.0,0.0,0.0
HOME,2757,5.54,0.9,0.0,0.0,0.0,0.0,0.0,0.0,0.0,0.0,0.0,0.0,0.0,0.0,0.0,0.0
HOME,3268,6.05,0.89,0.0,0.0,0.0,0.0,0.0,0.0,0.0,0.0,0.0,0.0,0.0,0.0,0.0,0.0
HOME,3255,6.81,1.55,0.0,0.0,0.0,0.0,0.0,0.0,0.0,0.0,0.0,0.0,0.0,0.0,0.0,0.0
HOME,2818,5.57,0.97,0.0,0.0,0.0,0.0,0.0,0.0,0.0,0.0,0.0,0.0,0.0,0.0,0.0,0.0
HOME,2222,5.62,1.01,0.0,0.0,0.0,0.0,0.0,0.0,0.0,0.0,0.0,0.0,0.0,0.0,0.0,0.0
HOME,3812,5.73,0.95,0.0,0.0,0.0,0.0,0.0,0.0,0.0,0.0,0.0,0.0,0.0,0.0,0.0,0.0
HOME,3369,6.45,1.18,7.16,0.46,0.216,0.0,0.0,0.0,0.0,0.0,0.0,0.0,0.0,0.0,0.0,0.0
HOME,3242,6.12,0.9,0.0,0.0,0.0,0.0,0.0,0.0,0.0,0.0,0.0,0.0,0.0,0.0,0.0,0.0
HOME,3285,6.55,1.01,0.0,0.0,0.0,0.0,0.0,0.0,0.0,0.0,0.0,0.0,0.0,0.0,0.0,0.0
HOME,2170,5.63,0.97,0.0,0.0,0.0,0.0,0.0,0.0,0.0,0.0,0.0,0.0,0.0,0.0,0.0,0.0
HOME,4867,9.09,1.49,4.53,0.27,0.242,0.0,0.0,0.0,0.0,0.0,0.0,0.0,0.0,0.0,0.0,0.0
HOME,3199,9.43,1.54,4.55,0.28,0.245,0.0,0.0,0.0,0.0,0.0,0.0,0.0,0.0,0.0,0.0,0.0
HOME,3494,6.09,0.9,0.0,0.0,0.0,0.0,0.0,0.0,0.0,0.0,0.0,0.0,0.0,0.0,0.0,0.0
HOME,3004,5.57,1.0,0.0,0.0,0.0,0.0,0.0,0.0,0.0,0.0,0.0,0.0,0.0,0.0,0.0,0.0
HOME,4034,6.24,0.91,0.0,0.0,0.0,0.0,0.0,0.0,0.0,0.0,0.0,0.0,0.0,0.0,0.0,0.0
HOME,3320,6.4,0.93,0.0,0.0,0.0,0.0,0.0,0.0,0.0,0.0,0.0,0.0,0.0,0.0,0.0,0.0
HOME,2425,5.69,1.08,0.0,0.0,0.0,0.0,0.0,0.0,0.0,0.0,0.0,0.0,0.0,0.0,0.0,0.0
HOME,2889,5.55,1.0,0.0,0.0,0.0,0.0,0.0,0.0,0.0,0.0,0.0,0.0,0.0,0.0,0.0,0.0
HOME,3882,6.15,0.87,0.0,0.0,0.0,0.0,0.0,0.0,0.0,0.0,0.0,0.0,0.0,0.0,0.0,0.0
HOME,2422,5.82,1.07,0.0,0.0,0.0,0.0,0.0,0.0,0.0,0.0,0.0,0.0,0.0,0.0,0.0,0.0
HOME,3959,5.83,0.82,0.0,0.0,0.0,0.0,0.0,0.0,0.0,0.0,0.0,0.0,0.0,0.0,0.0,0.0
HOME,3830,6.39,0.9,0.0,0.0,0.0,0.0,0.0,0.0,0.0,0.0,0.0,0.0,0.0,0.0,0.0,0.0
HOME,2485,5.62,1.08,4.38,0.26,0.055,1799.0,1266.0,680.0,2354.0,53.0,37.0,16.0,85.0,28063.0,0.0,0.0
HOME,2329,5.78,1.07,0.0,0.0,0.0,0.0,0.0,0.0,0.0,0.0,0.0,0.0,0.0,0.0,0.0,0.0
HOME,3682,5.94,0.86,0.0,0.0,0.0,0.0,0.0,0.0,0.0,0.0,0.0,0.0,0.0,0.0,0.0,0.0
HOME,3465,6.61,1.52,0.0,0.0,0.0,0.0,0.0,0.0,0.0,0.0,0.0,0.0,0.0,0.0,0.0,0.0
HOME,3556,6.82,1.52,0.0,0.0,0.0,0.0,0.0,0.0,0.0,0.0,0.0,0.0,0.0,0.0,0.0,0.0
HOME,3269,6.81,1.32,0.0,0.0,0.0,0.0,0.0,0.0,0.0,0.0,0.0,0.0,0.0,0.0,0.0,0.0
HOME,3606,6.87,1.37,0.0,0.0,0.0,0.0,0.0,0.0,0.0,0.0,0.0,0.0,0.0,0.0,0.0,0.0
HOME,3223,5.92,0.89,0.0,0.0,0.0,0.0,0.0,0.0,0.0,0.0,0.0,0.0,0.0,0.0,0.0,0.0
HOME,3656,6.25,1.13,0.0,0.0,0.0,0.0,0.0,0.0,0.0,0.0,0.0,0.0,0.0,0.0,0.0,0.0
HOME,3675,6.19,0.91,0.0,0.0,0.0,0.0,0.0,0.0,0.0,0.0,0.0,0.0,0.0,0.0,0.0,0.0
HOME,3708,6.43,0.9,0.0,0.0,0.0,0.0,0.0,0.0,0.0,0.0,0.0,0.0,0.0,0.0,0.0,0.0
HOME,3144,6.46,0.95,0.0,0.0,0.0,0.0,0.0,0.0,0.0,0.0,0.0,0.0,0.0,0.0,0.0,0.0
HOME,2284,5.66,1.01,0.0,0.0,0.0,0.0,0.0,0.0,0.0,0.0,0.0,0.0,0.0,0.0,0.0,0.0
HOME,3110,6.37,0.94,0.0,0.0,0.0,0.0,0.0,0.0,0.0,0.0,0.0,0.0,0.0,0.0,0.0,0.0
HOME,27772,9.13,1.34,4.39,0.27,0.243,0.0,0.0,0.0,0.0,0.0,0.0,0.0,0.0,0.0,0.0,0.0
HOME,2148,4.7,0.85,0.0,0.0,0.0,0.0,0.0,0.0,0.0,0.0,0.0,0.0,0.0,0.0,0.0,0.0
HOME,2338,5.23,0.69,0.0,0.0,0.0,0.0,0.0,0.0,0.0,0.0,0.0,0.0,0.0,0.0,0.0,0.0
HOME,2315,5.52,0.92,4.32,0.84,0.127,1128.0,2439.0,790.0,765.0,70.0,56.0,18.0,18.0,6332.0,290.0,6812.0
HOME,3186,5.36,0.63,0.0,0.0,0.0,0.0,0.0,0.0,0.0,0.0,0.0,0.0,0.0,0.0,0.0,0.0
HOME,2565,5.15,0.94,0.0,0.0,0.0,0.0,0.0,0.0,0.0,0.0,0.0,0.0,0.0,0.0,0.0,0.0
HOME,3873,6.94,1.05,3.98,0.26,0.21,0.0,0.0,0.0,0.0,0.0,0.0,0.0,0.0,0.0,0.0,0.0
HOME,3200,7.39,1.18,4.37,0.15,0.113,2435.0,1369.0,468.0,931.0,58.0,36.0,16.0,31.0,66275.0,45.0,97680.0
HOME,3353,7.04,1.21,3.84,0.16,0.126,1778.0,1612.0,523.0,632.0,55.0,41.0,15.0,25.0,33979.0,54.0,66719.0
HOME,4233,7.26,1.19,3.6,0.15,0.127,1613.0,1608.0,196.0,783.0,60.0,43.0,6.0,28.0,111906.0,0.0,0.0
HOME,4024,7.69,1.23,4.0,0.22,0.127,1642.0,1349.0,471.0,917.0,57.0,39.0,12.0,30.0,68969.0,186.0,70849.0
HOME,4498,6.71,1.17,3.83,0.45,0.153,1351.0,1679.0,601.0,480.0,44.0,50.0,17.0,28.0,24368.0,279.0,33843.0
HOME,51348,5.975,1.245,3.4699999999999998,0.20500000000000002,0.2235,699.0,472.0,148.0,500.5,28.0,19.0,5.0,22.5,7490.0,51.0,7944.0
HOME,54673,5.63,1.21,3.1,0.16,0.152,1370.0,1081.0,258.0,698.0,56.0,42.0,11.0,35.0,14551.0,71.0,14543.0
HOME,2167,6.7,1.24,3.53,0.15,0.183,1663.0,730.0,327.0,1089.0,57.0,34.0,12.0,41.0,25167.0,108.0,57908.0
HOME,6421,6.2,1.15,3.38,0.12,0.129,1658.0,1055.0,339.0,822.0,58.0,38.0,13.0,34.0,24617.0,37.0,24709.0
HOME,4038,6.41,0.99,4.74,0.22,0.539,0.0,0.0,0.0,0.0,0.0,0.0,0.0,0.0,0.0,0.0,0.0
HOME,3971,6.83,1.36,4.55,0.21,0.248,0.0,0.0,0.0,0.0,0.0,0.0,0.0,0.0,0.0,0.0,0.0
HOME,3986,6.69,1.28,4.57,0.18,0.251,0.0,0.0,0.0,0.0,0.0,0.0,0.0,0.0,0.0,0.0,0.0
HOME,4092,6.19,1.1,4.01,0.18,0.238,0.0,0.0,0.0,0.0,0.0,0.0,0.0,0.0,0.0,0.0,0.0
HOME,4092,6.39,1.14,4.14,0.19,0.242,0.0,0.0,0.0,0.0,0.0,0.0,0.0,0.0,0.0,0.0,0.0
HOME,2397,6.39,1.25,3.82,0.14,0.126,1912.0,1344.0,373.0,691.0,57.0,42.0,12.0,26.0,20822.0,49.0,20902.0
HOME,6743,8.045,1.225,6.484999999999999,0.275,0.22050000000000003,953.5,616.0,202.5,553.5,29.5,19.5,5.5,22.0,13053.5,39.5,13030.5
MAUI,9908,3.21,0.59,16.3,0.41,0.856,3763.0,9101.0,157.0,2906.5,15.0,34.5,0.5,38.5,28009.0,20.0,10847.5
MAUI,716,2.99,0.58,4.84,0.86,0.601,0.0,0.0,0.0,0.0,0.0,0.0,0.0,0.0,39679.0,0.0,0.0
MAUI,6165,2.39,0.53,5.05,0.42,0.625,0.0,0.0,0.0,0.0,0.0,0.0,0.0,0.0,52816.0,0.0,0.0
MAUI,12584528,2.205,0.5349999999999999,7.6175,0.21250000000000002,0.6797500000000001,555.25,2178.5,134.25,1977.25,12.25,41.25,4.0,42.25,26113.0,43.75,12047.75
MAUI,315,4.38,0.62,6.6,0.23,1.146,0.0,0.0,0.0,0.0,0.0,0.0,0.0,0.0,36104.0,0.0,0.0
MAUI,305,4.52,0.56,8.38,0.67,1.25,0.0,0.0,0.0,0.0,0.0,0.0,0.0,0.0,60954.0,0.0,0.0
MAUI,335,4.97,0.56,7.59,0.62,1.275,0.0,0.0,0.0,0.0,0.0,0.0,0.0,0.0,59125.0,0.0,0.0
MAUI,322,4.82,0.6,6.66,0.34,1.024,0.0,0.0,0.0,0.0,0.0,0.0,0.0,0.0,25298.0,0.0,0.0
MAUI,374,4.87,0.59,6.98,0.25,1.016,0.0,0.0,0.0,0.0,0.0,0.0,0.0,0.0,36966.0,0.0,0.0
MAUI,533,4.32,0.54,6.24,0.25,1.061,0.0,0.0,0.0,0.0,0.0,0.0,0.0,0.0,47130.0,0.0,0.0
MAUI,334,4.25,0.58,5.36,0.21,1.13,0.0,0.0,0.0,0.0,0.0,0.0,0.0,0.0,14268.0,0.0,0.0
MAUI,314,4.92,0.59,7.28,0.31,1.17,0.0,0.0,0.0,0.0,0.0,0.0,0.0,0.0,53805.0,0.0,0.0
MAUI,313,4.97,0.6,7.04,0.57,1.088,0.0,0.0,0.0,0.0,0.0,0.0,0.0,0.0,62745.0,0.0,0.0
MAUI,340,4.61,0.61,8.57,0.69,0.928,0.0,0.0,0.0,0.0,0.0,0.0,0.0,0.0,96937.0,0.0,0.0
MAUI,328,4.57,0.57,6.63,0.29,1.025,0.0,0.0,0.0,0.0,0.0,0.0,0.0,0.0,31000.0,0.0,0.0
MAUI,422,4.03,0.55,5.8,0.34,0.912,0.0,0.0,0.0,0.0,0.0,0.0,0.0,0.0,35444.0,0.0,0.0
MAUI,382,4.19,0.56,6.12,0.17,0.921,0.0,0.0,0.0,0.0,0.0,0.0,0.0,0.0,33539.0,0.0,0.0
MAUI,324,4.62,0.61,6.07,0.29,0.926,0.0,0.0,0.0,0.0,0.0,0.0,0.0,0.0,32896.0,0.0,0.0
MAUI,343,4.41,0.57,6.33,0.25,0.901,0.0,0.0,0.0,0.0,0.0,0.0,0.0,0.0,31803.0,0.0,0.0
MAUI,321,4.13,0.64,5.64,0.25,0.938,0.0,0.0,0.0,0.0,0.0,0.0,0.0,0.0,34555.0,0.0,0.0
MAUI,363,4.21,0.63,7.11,0.19,0.929,0.0,0.0,0.0,0.0,0.0,0.0,0.0,0.0,28809.0,0.0,0.0
MAUI,343,4.83,0.6,6.6,0.17,0.914,0.0,0.0,0.0,0.0,0.0,0.0,0.0,0.0,28680.0,0.0,0.0
MAUI,349,4.16,0.59,5.98,0.19,0.998,0.0,0.0,0.0,0.0,0.0,0.0,0.0,0.0,39770.0,0.0,0.0
MAUI,317,4.5,0.61,6.6,0.18,1.034,0.0,0.0,0.0,0.0,0.0,0.0,0.0,0.0,35367.0,0.0,0.0
MAUI,340,4.3,0.58,6.41,0.26,1.028,0.0,0.0,0.0,0.0,0.0,0.0,0.0,0.0,28989.0,0.0,0.0
MAUI,339,4.35,0.58,6.65,0.22,0.99,0.0,0.0,0.0,0.0,0.0,0.0,0.0,0.0,28458.0,0.0,0.0
MAUI,328,4.16,0.6,6.3,0.23,0.971,0.0,0.0,0.0,0.0,0.0,0.0,0.0,0.0,32233.0,0.0,0.0
MAUI,410,4.52,0.61,5.4,0.18,1.058,2116.0,3186.0,237.0,349.0,40.0,67.0,6.0,10.0,33435.0,0.0,0.0
MAUI,424,4.33,0.64,5.79,0.21,1.034,1848.0,4445.0,273.0,71.0,37.0,72.0,6.0,2.0,0.0,0.0,0.0
MAUI,527,4.07,0.6,5.46,0.2,0.958,1774.0,3433.0,333.0,1371.0,38.0,74.0,6.0,63.0,0.0,0.0,0.0
MAUI,491,4.27,0.65,5.2,0.17,1.005,1744.0,3560.0,209.0,85.0,36.0,75.0,5.0,2.0,0.0,0.0,0.0
MAUI,750,4.68,0.72,5.71,0.12,0.787,1423.0,0.0,0.0,4839.0,34.0,0.0,0.0,80.0,24821.0,43.0,24925.0
MAUI,732,4.93,0.74,6.63,0.15,0.81,1796.0,0.0,0.0,6083.0,30.0,0.0,0.0,81.0,26099.0,37.0,26211.0
MAUI,573,4.86,0.72,6.24,0.14,0.831,1470.0,4716.0,1247.0,4925.0,33.0,56.0,15.0,79.0,28881.0,54.0,28961.0
MAUI,639,4.48,0.68,6.81,0.15,0.771,1791.0,8640.0,147.0,5359.0,33.0,78.0,1.0,80.0,24719.0,57.0,24847.0
MAUI,561,4.76,0.69,6.59,0.15,0.788,1657.0,0.0,0.0,5236.0,32.0,0.0,0.0,80.0,29116.0,49.0,29204.0
MAUI,437,5.06,0.69,6.53,0.18,0.756,1668.0,0.0,0.0,5218.0,32.0,0.0,0.0,80.0,37337.0,64.0,37489.0
MAUI,450,4.76,0.69,6.25,0.14,0.856,1558.0,10483.0,234.0,5224.0,32.0,82.0,2.0,80.0,24335.0,45.0,24415.0
MAUI,510,4.9,0.68,7.32,0.15,0.756,1850.0,0.0,0.0,6974.0,33.0,0.0,0.0,83.0,24954.0,90.0,25082.0
MAUI,567,4.53,0.71,6.12,0.17,0.771,1727.0,0.0,0.0,5104.0,35.0,0.0,0.0,81.0,29473.0,37.0,29649.0
MAUI,575,4.64,0.67,6.14,0.17,0.815,1686.0,4566.0,73.0,6123.0,29.0,56.0,1.0,85.0,27790.0,44.0,27950.0
MAUI,496,4.55,0.66,6.45,0.15,0.78,1733.0,12737.0,576.0,6115.0,30.0,73.0,7.0,79.0,20624.0,43.0,20688.0
MAUI,522,4.85,0.65,6.09,0.17,0.845,1581.0,0.0,0.0,4886.0,30.0,0.0,0.0,81.0,16485.0,51.0,16549.0
MAUI,473,4.47,0.64,6.05,0.17,0.901,1412.0,0.0,0.0,4521.0,30.0,0.0,0.0,80.0,33985.0,46.0,34065.0
MAUI,540,4.62,0.66,6.7,0.16,0.76,1988.0,0.0,0.0,6070.0,33.0,0.0,0.0,80.0,22443.0,44.0,22507.0
MAUI,486,4.61,0.66,6.11,0.14,0.816,1360.0,0.0,0.0,6276.0,26.0,0.0,0.0,80.0,45370.0,50.0,45458.0
MAUI,587,4.52,0.65,6.01,0.16,0.784,1509.0,0.0,0.0,4640.0,31.0,0.0,0.0,80.0,30401.0,46.0,30881.0
MAUI,570,4.63,0.63,6.01,0.14,0.795,1606.0,0.0,0.0,5396.0,31.0,0.0,0.0,82.0,21891.0,45.0,21955.0
MAUI,554,4.12,0.63,6.23,0.15,0.859,1536.0,0.0,0.0,5758.0,31.0,0.0,0.0,83.0,29135.0,57.0,29215.0
MAUI,479,4.45,0.62,5.76,0.13,0.842,1275.0,0.0,0.0,4336.0,30.0,0.0,0.0,80.0,36909.0,54.0,36981.0
MAUI,554,4.67,0.64,5.96,0.14,0.746,1669.0,0.0,0.0,5505.0,30.0,0.0,0.0,80.0,27610.0,37.0,27690.0
MAUI,572,4.68,0.65,6.21,0.15,0.902,1652.0,0.0,0.0,4954.0,33.0,0.0,0.0,78.0,29676.0,54.0,29892.0
MAUI,519,4.45,0.63,6.81,0.13,0.747,1618.0,0.0,0.0,3984.0,36.0,0.0,0.0,77.0,31558.0,38.0,31630.0
MAUI,573,4.85,0.62,5.98,0.15,0.77,1463.0,16164.0,464.0,4333.0,30.0,78.0,2.0,80.0,24698.0,49.0,24786.0
MAUI,478,4.6,0.63,6.62,0.16,0.751,1644.0,0.0,0.0,5642.0,28.0,0.0,0.0,81.0,38010.0,65.0,38090.0
MAUI,510,4.44,0.65,6.21,0.16,0.774,1549.0,0.0,0.0,4832.0,29.0,0.0,0.0,82.0,21896.0,37.0,22024.0
MAUI,424738,8.1975,0.7525,10.0725,0.30000000000000004,0.5700000000000001,1102.5,10161.0,384.5,2018.0,12.5,40.25,1.75,42.25,18482.5,57.75,10162.25
MAUI,43179,3.575,0.605,4.37,0.295,1.0205000000000002,399.0,2237.0,107.0,1593.0,14.0,42.5,2.0,43.0,20263.0,45.0,9261.0
MAUI,2381268,4.5375,0.55,8.365,0.2225,0.7102499999999999,1611.5,1899.0,108.5,2363.5,27.75,27.25,2.25,32.0,32730.75,29.5,16948.0
MAUI,32242,5.76,0.62,13.195,0.14,0.8474999999999999,2796.5,0.0,0.0,5280.0,18.0,0.0,0.0,38.5,31732.5,0.0,0.0
MAUI,11812,3.2199999999999998,0.595,5.2,0.5349999999999999,0.45199999999999996,402.0,1791.0,129.0,1172.5,13.0,42.0,4.0,40.5,41841.5,110.5,9795.5
MAUI,869,3.03,0.59,4.13,0.2,0.713,718.0,6387.0,190.0,3461.0,21.0,91.0,11.0,88.0,13756.0,41.0,14733.0
MAUI,4035,3.51,0.63,7.19,0.35,0.671,0.0,0.0,0.0,0.0,0.0,0.0,0.0,0.0,62791.0,0.0,0.0
MAUI,1500,2.4,0.52,4.67,0.19,0.784,0.0,0.0,0.0,0.0,0.0,0.0,0.0,0.0,0.0,0.0,0.0
MAUI,100545,3.19,0.605,5.25,0.18,0.9079999999999999,377.5,2208.5,103.5,1304.5,9.5,43.0,2.5,42.5,17404.5,46.5,8189.5
MAUI,1917,2.83,0.56,5.42,0.18,0.943,0.0,0.0,0.0,0.0,0.0,0.0,0.0,0.0,0.0,0.0,0.0
MAUI,3466,2.67,0.55,5.27,0.2,0.939,0.0,0.0,0.0,0.0,0.0,0.0,0.0,0.0,0.0,0.0,0.0
MAUI,1324,2.62,0.56,5.98,0.22,0.93,0.0,0.0,0.0,0.0,0.0,0.0,0.0,0.0,0.0,0.0,0.0
MAUI,679,2.87,0.55,6.53,0.27,0.875,0.0,0.0,0.0,0.0,0.0,0.0,0.0,0.0,0.0,0.0,0.0
MAUI,375,2.8,0.56,6.83,0.24,0.824,0.0,0.0,0.0,0.0,0.0,0.0,0.0,0.0,0.0,0.0,0.0
MAUI,35244,3.115,0.61,4.555,0.215,0.6925,336.5,1977.0,121.5,1474.5,11.5,42.5,3.5,43.5,15937.0,33.0,12818.5
MAUI,864,3.91,0.71,6.58,0.2,0.57,903.0,5505.0,361.0,4124.0,22.0,84.0,8.0,85.0,21319.0,58.0,21382.0
MAUI,733,3.33,0.58,4.65,0.2,0.878,602.0,4030.0,135.0,176.0,18.0,88.0,4.0,5.0,17768.0,4.0,17864.0
MAUI,597,4.4,0.52,6.41,0.16,0.585,2967.0,3181.0,325.0,2094.0,61.0,58.0,7.0,52.0,28138.0,45.0,28250.0
MAUI,788773,3.6375,0.59,7.510000000000001,0.135,0.5449999999999999,447.0,1682.5,117.5,1404.5,14.25,41.25,4.0,41.5,22318.5,19.0,13620.25
MAUI,29535,3.38,0.585,4.48,0.23,0.6995,405.0,1428.5,104.0,1274.5,13.5,41.0,3.5,41.0,12652.0,33.5,8955.5
MAUI,503,3.33,0.62,4.55,0.2,0.933,652.0,505.0,243.0,3550.0,27.0,48.0,37.0,87.0,16006.0,56.0,16016.0
MAUI,80034,25.79,0.6825,10.64,0.27249999999999996,0.42900000000000005,397.25,5724.0,182.0,4176.0,6.75,45.75,2.0,47.0,20227.75,2.25,11367.25
MAUI,121575,3.495,0.605,5.005,0.21,0.9584999999999999,391.0,1678.5,124.0,2068.0,10.0,41.0,4.0,44.5,22388.0,24.5,9611.0
MAUI,10170,2.9,0.5449999999999999,4.7,0.175,1.036,346.0,1513.5,115.0,1928.0,10.5,41.0,2.5,45.0,15591.0,25.0,10727.5
MAUI,333,2.3,0.47,3.79,0.17,1.051,0.0,0.0,0.0,0.0,0.0,0.0,0.0,0.0,0.0,0.0,0.0
MAUI,18483,2.245,0.515,3.9749999999999996,0.14500000000000002,1.085,296.5,748.5,72.0,1756.0,10.0,37.5,2.5,45.5,16573.5,21.0,16601.5
CART,55262599,1.905,0.33999999999999997,3.64,0.195,1.4815,175.5,154.0,175.0,1322.0,9.0,18.0,21.5,49.0,54122.5,36.5,15269.0
CART,103,2.8200000000000003,0.33499999999999996,1.985,0.1,0.1225,0.0,0.0,0.0,0.0,0.0,0.0,0.0,0.0,0.0,0.0,0.0
CART,3459,4.59,1.0499999999999998,6.1850000000000005,0.14,0.8724999999999999,1049.5,4113.5,152.0,1636.5,13.0,47.5,2.0,44.0,7674.5,41.0,7754.5
CART,81,7.57,2.21,0.0,0.0,0.0,0.0,0.0,0.0,0.0,0.0,0.0,0.0,0.0,0.0,0.0,0.0
CART,1761534,3.15,0.37,4.484999999999999,0.2,1.266,204.0,1646.0,122.5,756.0,10.0,45.5,9.5,44.5,7611.5,34.0,7634.5
CART,205,5.97,1.29,6.8,0.12,0.114,4374.0,2709.0,61.0,938.0,70.0,54.0,4.0,44.0,28477.0,36.0,28557.0
CART,34,4.73,0.59,0.0,0.0,0.0,0.0,0.0,0.0,0.0,0.0,0.0,0.0,0.0,0.0,0.0,0.0
CART,84,3.63,1.055,0.0,0.0,0.0,0.0,0.0,0.0,0.0,0.0,0.0,0.0,0.0,0.0,0.0,0.0
CART,1116,3.335,1.18,4.645,0.14,0.207,699.5,6688.5,150.0,870.0,27.0,44.0,12.0,36.5,2227.5,6.0,2327.5
CART,62,5.885,1.01,4.779999999999999,0.155,1.31,569.0,91.5,214.5,2165.0,26.0,4.5,11.5,43.0,17812.5,38.0,17880.5
CART,114,5.915,0.875,0.0,0.0,0.0,0.0,0.0,0.0,0.0,0.0,0.0,0.0,0.0,0.0,0.0,0.0
CART,65,4.6899999999999995,1.3399999999999999,24.580000000000002,0.425,0.5655,516.5,100.0,1037.5,4693.0,12.0,2.5,24.0,47.5,6861.0,98.0,7229.0
CART,1715,1.655,0.38,3.335,0.26,0.959,169.5,4292.5,91.0,1042.0,9.5,50.0,6.0,49.5,14155.5,41.5,14287.5
CART,27,4.82,0.41,4.36,0.14,1.59,0.0,0.0,0.0,0.0,0.0,0.0,0.0,0.0,0.0,0.0,0.0
CART,32438877,2.08,0.39,4.04,0.21500000000000002,1.488,211.0,117.0,226.0,1515.0,11.0,13.0,22.0,47.5,67080.0,40.0,17008.5
CART,23,8.28,0.03,2.3,0.0,0.666,1208.0,89.0,210.0,791.0,53.0,4.0,9.0,34.0,0.0,0.0,0.0
CART,178,5.609999999999999,0.825,5.904999999999999,0.155,1.3780000000000001,612.0,2679.5,240.5,914.5,18.5,42.5,8.0,41.0,6723.5,12.5,6763.5
CART,25609,5.61,0.52,5.96,0.16,0.317,3720.0,1580.0,260.0,2395.0,73.0,39.0,9.0,50.0,37344.0,46.0,37555.0
CART,4352,5.0,0.58,0.0,0.0,0.0,0.0,0.0,0.0,0.0,0.0,0.0,0.0,0.0,0.0,0.0,0.0
CART,68,5.94,1.44,6.01,0.16,1.288,3632.0,5592.0,116.0,2156.0,70.0,97.0,3.0,62.0,23832.0,50.0,20052.0
CART,18,5.42,1.74,0.0,0.0,0.0,0.0,0.0,0.0,0.0,0.0,0.0,0.0,0.0,0.0,0.0,0.0
CART,19,3.2,2.27,2.77,0.0,1.376,2378.0,198.0,313.0,1581.0,66.0,20.0,15.0,72.0,0.0,0.0,0.0
CART,17,13.83,0.98,8.76,0.39,0.088,1023.0,59.0,356.0,7502.0,18.0,3.0,16.0,96.0,46864.0,285.0,47184.0
CART,232,5.395,0.675,7.535,0.405,1.204,861.5,2384.0,189.5,1965.5,18.5,43.5,14.5,42.0,12715.0,215.5,12795.0
CART,39,5.5,0.41,5.7,0.06,1.775,0.0,0.0,0.0,0.0,0.0,0.0,0.0,0.0,0.0,0.0,0.0
CART,23,1.86,0.53,0.0,0.0,0.0,0.0,0.0,0.0,0.0,0.0,0.0,0.0,0.0,0.0,0.0,0.0
CART,25,3.5,0.93,0.0,0.0,0.0,0.0,0.0,0.0,0.0,0.0,0.0,0.0,0.0,0.0,0.0,0.0
CART,46,5.155,1.35,6.5,0.26,1.3195000000000001,1222.0,2162.0,151.5,2102.0,16.5,31.0,18.5,38.0,11588.0,88.5,11668.0
CART,25,1.54,0.48,0.0,0.0,0.0,0.0,0.0,0.0,0.0,0.0,0.0,0.0,0.0,0.0,0.0,0.0
CART,22,2.84,0.56,0.0,0.0,0.0,0.0,0.0,0.0,0.0,0.0,0.0,0.0,0.0,0.0,0.0,0.0
CART,32,20.12,0.64,0.0,0.0,0.0,0.0,0.0,0.0,0.0,0.0,0.0,0.0,0.0,0.0,0.0,0.0
CART,58,12.54,0.58,9.28,0.07,1.061,0.0,0.0,0.0,0.0,0.0,0.0,0.0,0.0,0.0,0.0,0.0
CART,41,3.56,0.67,0.0,0.0,0.0,0.0,0.0,0.0,0.0,0.0,0.0,0.0,0.0,0.0,0.0,0.0
CART,22,2.9,0.71,0.0,0.0,0.0,0.0,0.0,0.0,0.0,0.0,0.0,0.0,0.0,0.0,0.0,0.0
CART,47,19.02,0.4,5.69,0.3,1.005,0.0,0.0,0.0,0.0,0.0,0.0,0.0,0.0,0.0,0.0,0.0
CART,21,6.27,0.36,3.7,0.47,1.862,0.0,0.0,0.0,0.0,0.0,0.0,0.0,0.0,0.0,0.0,0.0
CART,18,3.7,2.08,0.0,0.0,0.0,0.0,0.0,0.0,0.0,0.0,0.0,0.0,0.0,0.0,0.0,0.0
CART,20,3.09,0.49,0.0,0.0,0.0,0.0,0.0,0.0,0.0,0.0,0.0,0.0,0.0,0.0,0.0,0.0
CART,22,4.14,0.53,0.0,0.0,0.0,0.0,0.0,0.0,0.0,0.0,0.0,0.0,0.0,0.0,0.0,0.0
CART,22,1.7,0.39,0.0,0.0,0.0,0.0,0.0,0.0,0.0,0.0,0.0,0.0,0.0,0.0,0.0,0.0
CART,26,2.79,0.61,0.0,0.0,0.0,0.0,0.0,0.0,0.0,0.0,0.0,0.0,0.0,0.0,0.0,0.0
CART,29,10.19,0.49,0.0,0.0,0.0,0.0,0.0,0.0,0.0,0.0,0.0,0.0,0.0,0.0,0.0,0.0
CART,20,1.64,0.3,0.0,0.0,0.0,0.0,0.0,0.0,0.0,0.0,0.0,0.0,0.0,0.0,0.0,0.0
CART,23,2.05,0.44,0.0,0.0,0.0,0.0,0.0,0.0,0.0,0.0,0.0,0.0,0.0,0.0,0.0,0.0
CART,26,4.5,2.04,0.0,0.0,0.0,0.0,0.0,0.0,0.0,0.0,0.0,0.0,0.0,0.0,0.0,0.0
CART,19,1.52,0.01,3.37,0.18,0.104,26.0,0.0,0.0,3324.0,1.0,0.0,0.0,100.0,27839.0,73.0,28023.0
CART,19,2.11,0.0,0.0,0.0,0.0,0.0,0.0,0.0,0.0,0.0,0.0,0.0,0.0,0.0,0.0,0.0
CART,35,1.4,0.13,2.93,0.12,1.033,0.0,0.0,0.0,0.0,0.0,0.0,0.0,0.0,0.0,0.0,0.0
CART,21,1.61,0.41,2.51,0.12,1.374,59.0,92.0,122.0,1024.0,14.0,33.0,38.0,97.0,21490.0,0.0,0.0
CART,37,3.12,0.02,3.38,0.42,0.243,89.0,611.0,714.0,2968.0,5.0,30.0,35.0,99.0,0.0,0.0,0.0
CART,25,18.21,0.59,9.88,0.26,1.04,0.0,0.0,0.0,0.0,0.0,0.0,0.0,0.0,0.0,0.0,0.0
CART,25,16.34,0.46,4.61,0.19,1.216,0.0,0.0,0.0,0.0,0.0,0.0,0.0,0.0,0.0,0.0,0.0
CART,19,2.92,0.71,0.0,0.0,0.0,0.0,0.0,0.0,0.0,0.0,0.0,0.0,0.0,0.0,0.0,0.0
CART,24,0.83,0.34,2.96,0.11,0.038,874.0,0.0,0.0,2083.0,34.0,0.0,0.0,70.0,45076.0,34.0,45188.0
CART,23,3.92,1.01,0.0,0.0,0.0,0.0,0.0,0.0,0.0,0.0,0.0,0.0,0.0,0.0,0.0,0.0
CART,23,5.54,1.97,0.0,0.0,0.0,0.0,0.0,0.0,0.0,0.0,0.0,0.0,0.0,0.0,0.0,0.0
CART,17,3.1,1.21,0.0,0.0,0.0,0.0,0.0,0.0,0.0,0.0,0.0,0.0,0.0,0.0,0.0,0.0
CART,35,7.78,0.8,6.91,0.28,0.067,2371.0,203.0,341.0,1279.0,53.0,19.0,16.0,78.0,38460.0,136.0,38620.0
CART,3537769,6.24,0.37,4.91,0.2,1.3955,289.5,1657.0,143.5,1092.5,13.0,43.5,10.0,44.5,12476.5,30.0,12531.5
CART,121,5.98,1.82,6.59,0.14,0.25,4405.0,2324.0,39.0,2496.0,68.0,48.0,3.0,67.0,31812.0,36.0,31326.0
CART,31,4.83,1.88,0.0,0.0,0.0,0.0,0.0,0.0,0.0,0.0,0.0,0.0,0.0,0.0,0.0,0.0
CART,158,4.14,1.275,0.0,0.0,0.0,0.0,0.0,0.0,0.0,0.0,0.0,0.0,0.0,0.0,0.0,0.0
CART,107716,2.3449999999999998,0.495,3.92,0.20500000000000002,1.184,256.0,1357.5,129.0,1092.5,14.0,43.0,11.5,46.0,13139.5,36.5,13397.0
CART,26,5.49,0.93,6.7,0.13,0.149,4145.0,3671.0,179.0,1325.0,74.0,55.0,4.0,30.0,40455.0,47.0,40615.0
CART,136,2.86,1.17,0.0,0.0,0.0,0.0,0.0,0.0,0.0,0.0,0.0,0.0,0.0,0.0,0.0,0.0
CART,42,2.95,0.42,0.0,0.0,0.0,0.0,0.0,0.0,0.0,0.0,0.0,0.0,0.0,0.0,0.0,0.0
CART,1413049,4.215,0.355,6.02,0.185,1.2495,1574.5,1345.0,114.0,1352.5,33.0,27.0,4.5,29.5,17427.0,28.5,17652.0
CART,20559,4.38,0.37,5.415,0.0,0.3245,1408.0,192.0,361.0,3454.5,13.0,2.0,3.5,32.0,0.0,0.0,0.0
CART,167,5.33,1.51,6.84,0.15,0.68,3942.0,3418.0,203.0,2761.0,72.0,50.0,7.0,72.0,24766.0,44.0,24847.0
CART,27,5.33,1.59,0.0,0.0,0.0,0.0,0.0,0.0,0.0,0.0,0.0,0.0,0.0,0.0,0.0,0.0
CART,39,4.48,0.16,3.33,0.03,0.73,0.0,0.0,0.0,0.0,0.0,0.0,0.0,0.0,0.0,0.0,0.0
CART,49,5.72,0.47,5.3,0.16,0.098,799.0,3156.0,336.0,3368.0,29.0,97.0,27.0,98.0,30982.0,34.0,31088.0
CART,21,4.44,1.71,0.0,0.0,0.0,0.0,0.0,0.0,0.0,0.0,0.0,0.0,0.0,0.0,0.0,0.0
CART,20,4.22,1.06,0.0,0.0,0.0,0.0,0.0,0.0,0.0,0.0,0.0,0.0,0.0,0.0,0.0,0.0
CHECKOUT,487779,1.31,0.355,5.775,0.355,1.234,214.5,77.0,20.5,1410.0,20.0,8.5,2.5,43.5,16723.5,40.5,14831.5
CHECKOUT,35,2.6,1.16,3.72,0.0,0.652,0.0,0.0,0.0,0.0,0.0,0.0,0.0,0.0,0.0,0.0,0.0
CHECKOUT,289407,1.37,0.44,4.51,0.39,1.1785,274.5,356.5,100.0,1762.5,10.0,19.0,9.5,47.5,18322.0,34.5,18302.0
CHECKOUT,26,4.9,1.41,8.71,0.19,1.074,4289.0,82.0,22.0,4326.0,57.0,2.0,0.0,51.0,197499.0,810.0,198355.0
CHECKOUT,7,2.26,0.53,0.0,0.0,0.0,0.0,0.0,0.0,0.0,0.0,0.0,0.0,0.0,0.0,0.0,0.0
CHECKOUT,53,3.08,0.905,5.63,0.045,0.3945,703.5,0.0,0.0,1828.0,14.0,0.0,0.0,43.0,0.0,0.0,0.0
CHECKOUT,301,2.975,0.99,4.92,0.145,0.4605,686.5,34.5,205.0,1460.5,24.0,1.5,8.5,33.5,3401.5,14.5,3457.5
CHECKOUT,46,3.31,1.22,6.63,0.25,0.023,2082.0,0.0,0.0,4447.0,38.0,0.0,0.0,67.0,6116.0,155.0,6238.0
CHECKOUT,22,3.44,1.385,0.0,0.0,0.0,0.0,0.0,0.0,0.0,0.0,0.0,0.0,0.0,0.0,0.0,0.0
CHECKOUT,6425069,1.44,0.39,4.85,0.41500000000000004,1.0939999999999999,221.5,141.5,126.5,1916.0,8.0,12.5,11.0,48.0,17263.0,35.5,17249.0
CHECKOUT,8,1.89,0.0,0.0,0.0,0.0,0.0,0.0,0.0,0.0,0.0,0.0,0.0,0.0,0.0,0.0,0.0
CHECKOUT,11,1.82,0.34,0.0,0.0,0.0,0.0,0.0,0.0,0.0,0.0,0.0,0.0,0.0,0.0,0.0,0.0
CHECKOUT,8,1.86,0.0,0.0,0.0,0.0,0.0,0.0,0.0,0.0,0.0,0.0,0.0,0.0,0.0,0.0,0.0
CHECKOUT,7,1.77,0.34,0.0,0.0,0.0,0.0,0.0,0.0,0.0,0.0,0.0,0.0,0.0,0.0,0.0,0.0
CHECKOUT,6,1.29,0.34,0.0,0.0,0.0,0.0,0.0,0.0,0.0,0.0,0.0,0.0,0.0,0.0,0.0,0.0
CHECKOUT,7,1.27,0.26,0.0,0.0,0.0,0.0,0.0,0.0,0.0,0.0,0.0,0.0,0.0,0.0,0.0,0.0
CHECKOUT,7,1.13,0.34,0.0,0.0,0.0,0.0,0.0,0.0,0.0,0.0,0.0,0.0,0.0,0.0,0.0,0.0
CHECKOUT,2021,4.25,0.805,8.21,0.41500000000000004,0.9135,2023.0,187.5,21.5,2928.5,26.5,7.0,1.0,34.0,19885.5,83.0,20790.0
CHECKOUT,432,4.4,0.94,0.0,0.0,0.0,0.0,0.0,0.0,0.0,0.0,0.0,0.0,0.0,0.0,0.0,0.0
CHECKOUT,20,2.0549999999999997,0.515,0.0,0.0,0.0,0.0,0.0,0.0,0.0,0.0,0.0,0.0,0.0,0.0,0.0,0.0
CHECKOUT,22083,1.53,0.56,4.02,0.35,0.58,615.0,3123.0,266.0,3448.0,20.0,82.0,11.0,96.0,32938.0,68.0,33471.0
CHECKOUT,18,4.77,1.22,5.45,0.25,0.598,3682.0,0.0,0.0,3050.0,67.0,0.0,0.0,44.0,34714.0,120.0,34906.0
CHECKOUT,494607,1.54,0.45499999999999996,5.895,0.39,0.8495,278.0,129.0,109.0,2428.0,10.5,12.5,9.0,48.0,20948.5,31.5,21026.5
CHECKOUT,9,0.96,0.24,2.61,6.62,0.631,0.0,0.0,0.0,0.0,0.0,0.0,0.0,0.0,0.0,0.0,0.0
CHECKOUT,94,4.97,0.9,14.06,1.06,0.56,3904.0,570.0,23.0,11429.0,36.0,10.0,0.0,93.0,79760.0,168.0,71071.0
CHECKOUT,21,4.91,1.18,0.0,0.0,0.0,0.0,0.0,0.0,0.0,0.0,0.0,0.0,0.0,0.0,0.0,0.0
CHECKOUT,2006,1.77,0.88,4.66,0.33,0.448,1049.0,2043.0,158.0,3715.0,28.0,78.0,9.0,94.0,37691.0,66.0,38051.0
CHECKOUT,11,2.49,1.08,0.0,0.0,0.0,0.0,0.0,0.0,0.0,0.0,0.0,0.0,0.0,0.0,0.0,0.0
CHECKOUT,12,1.37,0.47,3.39,0.33,0.794,0.0,0.0,0.0,0.0,0.0,0.0,0.0,0.0,0.0,0.0,0.0
CHECKOUT,909663,1.435,0.43999999999999995,4.9350000000000005,0.41000000000000003,1.099,254.5,356.0,116.0,1911.0,9.0,18.5,9.0,48.0,20576.0,41.5,20241.0
CHECKOUT,246,3.84,0.855,6.54,0.425,0.2275,1962.0,6385.0,46.5,3931.0,26.5,38.5,1.0,37.0,18702.5,146.5,18590.0
CHECKOUT,72,4.79,1.2,0.0,0.0,0.0,0.0,0.0,0.0,0.0,0.0,0.0,0.0,0.0,0.0,0.0,0.0
CHECKOUT,1030,1.62,0.83,3.78,0.3,0.32,912.0,3272.0,112.0,2932.0,30.0,62.0,7.0,98.0,34074.0,40.0,34426.0
CHECKOUT,71,3.12,1.35,4.58,0.18,0.002,1998.0,0.0,0.0,3725.0,45.0,0.0,0.0,84.0,6620.0,170.0,6748.0
CHECKOUT,61,6.1,1.4049999999999998,0.0,0.0,0.0,0.0,0.0,0.0,0.0,0.0,0.0,0.0,0.0,0.0,0.0,0.0
CHECKOUT,18414496,1.8225,0.345,4.6,0.28,0.67575,226.5,209.25,121.25,1825.5,7.75,14.25,8.5,48.5,10806.75,25.0,10794.25
CHECKOUT,17,2.8649999999999998,0.98,0.0,0.0,0.0,0.0,0.0,0.0,0.0,0.0,0.0,0.0,0.0,0.0,0.0,0.0
CHECKOUT,8,2.81,1.35,0.0,0.0,0.0,0.0,0.0,0.0,0.0,0.0,0.0,0.0,0.0,0.0,0.0,0.0
CHECKOUT,18,1.9,0.0,0.0,0.0,0.0,0.0,0.0,0.0,0.0,0.0,0.0,0.0,0.0,0.0,0.0,0.0
CHECKOUT,6,1.59,0.24,0.0,0.0,0.0,0.0,0.0,0.0,0.0,0.0,0.0,0.0,0.0,0.0,0.0,0.0
CHECKOUT,9,0.93,0.32,0.0,0.0,0.0,0.0,0.0,0.0,0.0,0.0,0.0,0.0,0.0,0.0,0.0,0.0
CHECKOUT,9,2.27,0.42,0.0,0.0,0.0,0.0,0.0,0.0,0.0,0.0,0.0,0.0,0.0,0.0,0.0,0.0
CHECKOUT,6,1.89,0.36,0.0,0.0,0.0,0.0,0.0,0.0,0.0,0.0,0.0,0.0,0.0,0.0,0.0,0.0
CHECKOUT,6,1.11,0.29,0.0,0.0,0.0,0.0,0.0,0.0,0.0,0.0,0.0,0.0,0.0,0.0,0.0,0.0
CHECKOUT,9,3.5,1.15,8.6,0.09,0.187,1539.0,0.0,0.0,7062.0,25.0,0.0,0.0,82.0,69174.0,39.0,69262.0
CHECKOUT,11,0.94,0.27,0.0,0.0,0.0,0.0,0.0,0.0,0.0,0.0,0.0,0.0,0.0,0.0,0.0,0.0
CHECKOUT,8,1.57,0.33,0.0,0.0,0.0,0.0,0.0,0.0,0.0,0.0,0.0,0.0,0.0,0.0,0.0,0.0
CHECKOUT,6,3.25,0.44,0.0,0.0,0.0,0.0,0.0,0.0,0.0,0.0,0.0,0.0,0.0,0.0,0.0,0.0
CHECKOUT,10,2.27,0.6,0.0,0.0,0.0,0.0,0.0,0.0,0.0,0.0,0.0,0.0,0.0,0.0,0.0,0.0
CHECKOUT,9,2.06,0.0,0.0,0.0,0.0,0.0,0.0,0.0,0.0,0.0,0.0,0.0,0.0,0.0,0.0,0.0
CHECKOUT,8,4.18,0.62,0.0,0.0,0.0,0.0,0.0,0.0,0.0,0.0,0.0,0.0,0.0,0.0,0.0,0.0
CHECKOUT,7,2.87,1.8,0.0,0.0,0.0,0.0,0.0,0.0,0.0,0.0,0.0,0.0,0.0,0.0,0.0,0.0
CHECKOUT,8,1.98,0.0,0.0,0.0,0.0,0.0,0.0,0.0,0.0,0.0,0.0,0.0,0.0,0.0,0.0,0.0
CHECKOUT,11,2.23,0.94,0.0,0.0,0.0,0.0,0.0,0.0,0.0,0.0,0.0,0.0,0.0,0.0,0.0,0.0
CHECKOUT,8,1.39,0.74,0.0,0.0,0.0,0.0,0.0,0.0,0.0,0.0,0.0,0.0,0.0,0.0,0.0,0.0
CHECKOUT,6,1.37,0.54,0.0,0.0,0.0,0.0,0.0,0.0,0.0,0.0,0.0,0.0,0.0,0.0,0.0,0.0
CHECKOUT,8,1.98,0.61,0.0,0.0,0.0,0.0,0.0,0.0,0.0,0.0,0.0,0.0,0.0,0.0,0.0,0.0
CHECKOUT,12,1.3,0.44,0.0,0.0,0.0,0.0,0.0,0.0,0.0,0.0,0.0,0.0,0.0,0.0,0.0,0.0
CHECKOUT,8,1.71,0.0,0.0,0.0,0.0,0.0,0.0,0.0,0.0,0.0,0.0,0.0,0.0,0.0,0.0,0.0
CHECKOUT,9,1.34,0.36,0.0,0.0,0.0,0.0,0.0,0.0,0.0,0.0,0.0,0.0,0.0,0.0,0.0,0.0
CHECKOUT,7,2.07,0.64,0.0,0.0,0.0,0.0,0.0,0.0,0.0,0.0,0.0,0.0,0.0,0.0,0.0,0.0
CHECKOUT,7,2.36,0.27,5.29,0.12,0.749,0.0,0.0,0.0,0.0,0.0,0.0,0.0,0.0,0.0,0.0,0.0
CHECKOUT,9,2.24,0.25,0.0,0.0,0.0,0.0,0.0,0.0,0.0,0.0,0.0,0.0,0.0,0.0,0.0,0.0
CHECKOUT,9,3.55,0.55,10.02,0.0,0.0,0.0,0.0,0.0,0.0,0.0,0.0,0.0,0.0,0.0,0.0,0.0
CHECKOUT,5642,4.005,0.6950000000000001,9.11,0.5800000000000001,0.775,2057.5,647.5,30.0,3587.0,25.5,20.5,1.5,36.5,25036.0,157.5,25117.5
CHECKOUT,1211,4.39,0.9,0.0,0.0,0.0,0.0,0.0,0.0,0.0,0.0,0.0,0.0,0.0,0.0,0.0,0.0
CHECKOUT,8,4.6,1.1,7.11,0.0,0.043,3634.0,0.0,0.0,3477.0,51.0,0.0,0.0,49.0,0.0,0.0,0.0
CHECKOUT,61792,1.45,0.46,3.96,0.34,0.492,512.0,3158.0,234.0,3312.0,17.0,89.0,9.0,97.0,36067.0,70.0,36441.0
CHECKOUT,52,5.08,1.2,8.49,0.61,0.485,4069.0,2773.0,23.0,5109.0,61.0,53.0,0.0,60.0,48706.0,148.0,50002.0
CHECKOUT,602780,3.96,0.37,8.26,0.32,0.8005,1660.5,121.0,22.0,2514.5,25.0,5.0,1.0,35.0,18329.5,21.5,18315.5
CHECKOUT,7040,3.935,0.39,0.0,0.0,0.0,0.0,0.0,0.0,0.0,0.0,0.0,0.0,0.0,0.0,0.0,0.0
CHECKOUT,22,4.41,1.17,26.94,0.14,0.247,18190.0,182.0,60.0,8755.0,68.0,6.0,2.0,61.0,51799.0,56.0,51943.0
CHECKOUT,12,3.94,1.04,0.0,0.0,0.0,0.0,0.0,0.0,0.0,0.0,0.0,0.0,0.0,0.0,0.0,0.0
CHECKOUT,7,5.59,0.49,4.9,1.42,0.64,0.0,0.0,0.0,0.0,0.0,0.0,0.0,0.0,0.0,0.0,0.0
CHECKOUT,9,3.43,0.49,2.01,0.33,0.0,0.0,0.0,0.0,0.0,0.0,0.0,0.0,0.0,0.0,0.0,0.0
CHECKOUT,10,1.14,0.32,0.0,0.0,0.0,0.0,0.0,0.0,0.0,0.0,0.0,0.0,0.0,0.0,0.0,0.0
CHECKOUT,14,2.52,0.66,0.0,0.0,0.0,0.0,0.0,0.0,0.0,0.0,0.0,0.0,0.0,0.0,0.0,0.0
CHECKOUT,6,1.43,0.35,0.0,0.0,0.0,0.0,0.0,0.0,0.0,0.0,0.0,0.0,0.0,0.0,0.0,0.0
CHECKOUT,11,2.62,0.27,0.0,0.0,0.0,0.0,0.0,0.0,0.0,0.0,0.0,0.0,0.0,0.0,0.0,0.0
CATEGORY,140568,2.645,0.63,4.41,0.22499999999999998,1.0,314.5,1598.5,193.0,69.5,9.5,43.5,5.5,5.5,12888.0,42.0,12979.5
CATEGORY,1771619,2.36,0.5700000000000001,4.12,0.15000000000000002,0.9895,285.0,1513.0,211.5,107.5,8.5,45.5,6.5,8.5,8624.5,21.0,8878.0
CATEGORY,28362,2.32,0.64,3.91,0.11,0.954,591.0,2917.0,320.0,90.0,19.0,88.0,10.0,12.0,18374.0,36.0,18550.0
CATEGORY,436662,2.45,0.615,4.355,0.14500000000000002,0.97,323.5,1568.0,182.0,68.5,9.5,43.0,5.5,6.5,6693.5,19.5,7010.5
CATEGORY,31942,2.46,0.61,4.0,0.14,0.968,0.0,0.0,0.0,0.0,0.0,0.0,0.0,0.0,0.0,0.0,0.0
CATEGORY,193387,2.58,0.625,4.154999999999999,0.14,0.968,321.0,1518.0,203.0,58.0,9.5,43.0,5.5,4.0,7785.0,19.0,8003.0
CATEGORY,113638,2.76,0.63,4.220000000000001,0.135,0.9505,304.5,1515.5,181.5,85.5,9.5,46.0,5.5,17.0,7861.0,18.0,7894.0
CATEGORY,64231,2.54,0.6599999999999999,4.205,0.135,0.9630000000000001,327.0,1538.0,219.5,73.0,9.0,44.5,6.0,15.0,10726.0,18.0,10756.0
CATEGORY,165227,3.07,0.56,4.279999999999999,0.19,0.9115,339.0,1470.5,191.0,144.0,11.0,43.0,5.5,23.0,13316.5,22.0,13616.5
CATEGORY,21214,2.5,0.65,3.75,0.1,0.929,552.0,2782.0,375.0,138.0,18.0,92.0,12.0,27.0,19469.0,34.0,19263.0
CATEGORY,51087,2.64,0.6599999999999999,3.985,0.15000000000000002,1.055,338.0,1494.5,113.5,24.5,11.0,43.5,3.5,1.5,7626.0,18.5,7829.5
CATEGORY,115909,2.46,0.62,3.9399999999999995,0.13,0.9764999999999999,310.5,1475.0,113.5,40.0,10.0,43.0,3.5,3.0,6605.5,17.5,6585.0
CATEGORY,191978,3.13,0.5800000000000001,4.17,0.21000000000000002,0.9615,268.0,1521.5,183.0,110.0,8.5,45.0,5.5,23.0,12212.0,39.0,12300.0
CATEGORY,71974,3.18,0.605,4.720000000000001,0.235,0.9235,314.0,1691.5,205.5,92.0,9.5,43.0,6.0,8.5,11310.5,40.5,11486.0
CATEGORY,67103,2.855,0.63,4.26,0.14,0.9335,318.0,1579.5,144.5,49.0,10.0,45.5,4.0,3.0,10691.5,19.5,10660.5
CATEGORY,385898,2.605,0.575,4.14,0.15500000000000003,0.9525,289.0,1545.5,184.0,84.5,9.0,45.0,5.5,8.5,10014.0,22.5,10300.5
CATEGORY,787216,2.495,0.6000000000000001,4.380000000000001,0.16,0.9570000000000001,302.0,1526.5,271.5,191.0,9.0,43.0,7.5,30.0,9787.5,23.0,10203.5
CATEGORY,1307577,3.895,0.575,4.67,0.235,0.9365,305.5,1697.5,151.0,52.0,9.0,44.0,4.5,4.0,10319.0,43.0,10533.5
CATEGORY,2320491,2.275,0.56,3.95,0.125,0.9630000000000001,287.0,1488.5,160.0,46.0,9.0,44.5,4.5,3.5,7989.0,18.0,8337.0
CATEGORY,76263,4.13,0.59,4.61,0.3,0.751,0.0,0.0,0.0,0.0,0.0,0.0,0.0,0.0,0.0,0.0,0.0
CATEGORY,105811,2.5,0.615,3.965,0.12000000000000001,0.9755,302.0,1441.0,176.0,60.5,9.5,45.5,5.5,9.0,7540.5,17.5,7706.0
CATEGORY,99731,2.4,0.6100000000000001,3.865,0.125,0.97,303.0,1407.0,213.5,108.0,9.5,46.0,6.5,31.0,8449.5,17.5,8796.5
CATEGORY,89314,3.55,0.635,4.84,0.16,0.9305,328.5,1732.5,182.5,60.5,9.5,43.5,5.0,5.0,10282.5,21.5,10326.5
CATEGORY,69551,2.715,0.62,4.494999999999999,0.15000000000000002,0.9585,320.0,1588.0,219.0,52.0,9.5,42.5,6.5,6.0,8793.5,23.5,8898.5
CATEGORY,51349,4.265000000000001,0.675,5.395,0.20500000000000002,0.8475,329.0,1831.0,234.0,65.0,9.0,43.5,6.5,8.0,8758.5,23.0,8805.5
CATEGORY,164060,3.285,0.635,4.775,0.24,0.9385,328.5,1720.5,227.0,98.5,9.5,42.5,6.0,15.0,14627.0,43.5,14851.5
CATEGORY,29314,2.66,0.73,4.34,0.15,0.917,700.0,3164.0,370.0,119.0,21.0,84.0,11.0,13.0,27703.0,43.0,28064.0
CATEGORY,19280,2.51,0.75,4.22,0.13,0.929,687.0,3021.0,381.0,153.0,20.0,87.0,11.0,28.0,21679.0,37.0,22302.0
CATEGORY,43088,2.585,0.685,4.1,0.165,0.9904999999999999,328.0,1441.5,173.0,48.0,10.5,45.0,5.5,4.0,10071.0,19.0,10131.0
CATEGORY,128710,2.4299999999999997,0.6699999999999999,4.38,0.14500000000000002,0.9914999999999999,356.5,1588.5,183.5,45.0,10.0,43.0,5.0,3.0,8034.5,19.5,8498.5
CATEGORY,191272,3.035,0.635,4.895,0.255,0.9954999999999999,319.0,1721.0,218.0,59.0,9.0,43.0,6.0,4.5,11337.5,43.5,11440.0
CATEGORY,590739,2.76,0.595,4.73,0.235,1.0115,303.0,1682.5,203.0,56.0,9.0,43.0,5.5,4.0,10770.5,39.0,10960.5
CATEGORY,542527,2.5700000000000003,0.605,4.505000000000001,0.22,1.022,304.0,1618.5,198.5,51.0,9.0,43.0,5.5,4.0,10936.0,40.0,11165.5
CATEGORY,108232,2.215,0.595,4.234999999999999,0.12000000000000001,0.9475,314.0,1543.5,190.5,79.0,9.5,42.5,5.5,13.5,5485.0,17.0,5617.0
CATEGORY,49279,2.315,0.625,4.525,0.125,0.9515,321.0,1635.5,211.0,82.5,9.0,43.0,6.0,19.5,6299.5,17.0,6333.5
CATEGORY,188433,2.26,0.5900000000000001,4.32,0.125,0.966,305.5,1572.5,219.0,95.5,9.0,42.0,6.5,26.0,5973.5,16.5,6027.0
CATEGORY,20472,2.24,0.69,4.33,0.1,0.925,654.0,3161.0,442.0,201.0,20.0,84.0,13.0,61.0,11040.0,33.0,11225.0
CATEGORY,473587,3.71,0.59,5.02,0.28,0.8525,304.5,1772.5,245.5,220.0,9.0,42.5,7.0,27.0,12474.0,51.0,12715.0
CATEGORY,19766,2.56,0.62,4.38,0.22,0.946,0.0,0.0,0.0,0.0,0.0,0.0,0.0,0.0,0.0,0.0,0.0
CATEGORY,791919,2.41,0.6100000000000001,4.13,0.135,0.9704999999999999,307.5,1508.0,182.0,70.5,9.5,44.0,5.5,5.0,7673.0,19.5,7846.0
CATEGORY,110985,2.9299999999999997,0.525,4.145,0.175,0.95,409.5,1367.5,194.5,107.0,13.0,42.0,6.0,14.5,9785.5,26.0,9960.5
CATEGORY,530841,2.485,0.6000000000000001,4.06,0.14,1.0859999999999999,303.0,1470.0,213.5,105.5,9.0,45.0,6.5,16.5,7704.5,19.5,7906.0
CATEGORY,66301,2.77,0.6599999999999999,4.145,0.14500000000000002,0.9735,334.0,1510.5,159.0,54.0,10.0,45.0,4.5,3.5,7938.5,17.5,8056.5
CATEGORY,150686,2.49,0.6699999999999999,4.405,0.15000000000000002,0.9590000000000001,360.5,1606.0,189.0,71.5,10.0,43.5,5.0,5.5,8395.5,19.5,8544.5
CATEGORY,115444,2.255,0.615,4.449999999999999,0.135,0.9490000000000001,311.0,1647.5,203.5,82.0,9.0,42.5,5.5,7.0,7024.5,18.0,7184.0
CATEGORY,37119,3.02,0.63,4.57,0.17,1.05,0.0,0.0,0.0,0.0,0.0,0.0,0.0,0.0,0.0,0.0,0.0
CATEGORY,83267,2.7350000000000003,0.655,4.285,0.135,0.9595,327.0,1552.0,166.0,115.5,9.5,44.5,5.0,23.0,7679.0,17.5,8018.5
CATEGORY,72642,2.7800000000000002,0.665,4.285,0.135,0.958,338.5,1557.5,220.5,87.0,10.0,43.0,6.0,16.5,9826.5,18.5,10024.5
CATEGORY,163593,2.615,0.575,3.77,0.12000000000000001,0.9704999999999999,261.5,1383.5,176.5,111.0,8.5,45.5,5.5,35.5,9877.5,16.5,9848.5
CATEGORY,88977,2.4450000000000003,0.61,4.01,0.12,1.0445,300.5,1445.0,194.5,42.5,9.5,44.0,6.0,5.0,8123.5,15.5,8075.0
CATEGORY,57765,3.26,0.675,4.745,0.155,0.9490000000000001,330.0,1632.5,199.5,60.0,10.0,42.5,6.0,5.5,10556.0,21.0,10459.5
CATEGORY,81635,2.5549999999999997,0.6100000000000001,4.285,0.14500000000000002,0.972,320.5,1516.0,217.5,50.5,10.0,42.0,6.5,5.5,8641.0,21.5,8620.0
CATEGORY,55759,3.435,0.61,4.42,0.22,0.9690000000000001,331.5,1558.5,181.0,49.5,11.0,42.0,5.5,3.5,9249.0,47.0,9566.0
CATEGORY,38308,2.68,0.68,4.07,0.1,0.905,627.0,2983.0,384.0,101.0,19.0,93.0,11.0,9.0,12833.0,34.0,13026.0
CATEGORY,22493,2.51,0.63,4.05,0.16,1.031,0.0,0.0,0.0,0.0,0.0,0.0,0.0,0.0,0.0,0.0,0.0
CATEGORY,23470,3.04,0.61,4.73,0.16,0.994,0.0,0.0,0.0,0.0,0.0,0.0,0.0,0.0,0.0,0.0,0.0
MAUI,21750,2.62,0.49,4.17,0.16,0.245,0.0,0.0,0.0,0.0,0.0,0.0,0.0,0.0,13123.0,0.0,0.0
MAUI,648,2.58,0.59,3.83,0.13,0.223,647.0,2067.0,206.0,3224.0,26.0,71.0,10.0,89.0,20161.0,70.0,21363.0
PLP,930532,3.8499999999999996,0.675,2.14,0.42,0.281,345.0,407.5,85.5,103.0,24.5,29.5,5.5,11.5,13364.0,41.5,9194.0
PLP,607780,5.17,0.68,2.535,0.66,0.278,336.5,381.0,81.5,247.0,23.0,30.5,6.0,23.0,12131.0,62.0,4978.5
PLP,1558116,5.24,0.655,2.48,0.7749999999999999,0.3045,328.5,348.5,87.0,255.5,23.0,28.5,6.5,23.0,15895.0,62.5,7465.5
PLP,1719413,4.9350000000000005,0.65,2.4,0.7150000000000001,0.38049999999999995,320.5,346.0,89.0,241.5,23.0,29.5,7.0,23.0,16087.0,54.0,7791.0
PLP,528185,5.49,0.66,2.75,0.54,0.428,0.0,0.0,0.0,0.0,0.0,0.0,0.0,0.0,12685.0,0.0,0.0
PLP,440190,5.7,0.67,2.94,0.64,0.584,0.0,0.0,0.0,0.0,0.0,0.0,0.0,0.0,13768.0,0.0,0.0
PLP,447412,5.6,0.66,2.51,0.63,0.344,0.0,0.0,0.0,0.0,0.0,0.0,0.0,0.0,12239.0,0.0,0.0
PLP,852749,5.095000000000001,0.65,2.5300000000000002,0.67,0.4585,312.0,290.5,90.5,324.0,22.0,28.5,6.5,29.0,19527.0,49.5,9394.5
PLP,736429,4.3100000000000005,0.66,1.905,0.605,0.4295,320.5,263.0,82.0,266.5,24.5,24.0,6.5,26.5,12293.5,51.0,5205.5
PLP,484140,6.82,0.64,2.34,0.95,0.269,0.0,0.0,0.0,0.0,0.0,0.0,0.0,0.0,15364.0,0.0,0.0
PLP,249691,5.53,0.65,2.25,0.66,0.759,0.0,0.0,0.0,0.0,0.0,0.0,0.0,0.0,14628.0,0.0,0.0
PLP,1293883,4.93,0.645,2.065,0.685,0.40549999999999997,311.5,250.5,79.0,315.0,23.5,23.0,6.0,28.5,17430.0,51.5,6589.5
PLP,5076136,4.915,0.6,2.075,0.73,0.295,277.5,148.5,82.0,265.0,23.0,16.5,7.0,28.5,15155.0,69.0,9132.0
PLP,811518,4.18,0.59,2.085,0.625,0.36250000000000004,271.5,313.0,64.5,177.5,22.5,33.5,6.0,21.5,13090.5,40.5,9090.5
PLP,526045,4.275,0.595,1.97,0.45999999999999996,0.305,288.0,327.5,74.5,144.5,24.0,32.5,6.5,17.0,13841.5,36.5,9301.0
PLP,644438,4.11,0.585,1.7999999999999998,0.6900000000000001,0.4085,254.5,312.5,61.5,171.5,21.5,36.0,6.0,23.5,13654.0,43.5,8901.0
PLP,337858,3.52,0.66,1.75,0.33,0.163,627.0,657.0,169.0,326.0,46.0,62.0,14.0,43.0,10318.0,83.0,10715.0
PLP,430857,2.68,0.59,2.04,0.52,0.147,607.0,996.0,152.0,379.0,41.0,75.0,10.0,44.0,7776.0,379.0,8245.0
PLP,1157719,4.23,0.64,1.91,0.5549999999999999,0.5585,297.0,282.0,71.5,275.5,23.5,28.5,6.0,28.5,16110.5,39.0,8603.0
PLP,721326,5.785,0.6799999999999999,2.19,0.76,0.395,346.5,376.0,93.0,188.5,24.5,27.5,6.0,20.5,19227.5,46.0,9566.0
PLP,350521,5.86,0.64,2.15,0.9,0.487,0.0,0.0,0.0,0.0,0.0,0.0,0.0,0.0,25636.0,0.0,0.0
PLP,1464999,4.795,0.645,2.29,0.41000000000000003,0.237,328.5,306.0,92.0,206.5,25.0,26.0,7.5,20.5,11472.0,30.0,6130.0
PLP,268909,5.84,0.66,2.3,0.79,0.567,0.0,0.0,0.0,0.0,0.0,0.0,0.0,0.0,16761.0,0.0,0.0
PLP,1465184,4.55,0.655,2.0999999999999996,0.565,0.394,324.5,303.0,85.5,276.5,23.5,25.0,6.5,26.5,13970.0,60.5,6736.5
PLP,694998,6.555,0.66,2.73,0.61,0.237,405.0,284.0,135.5,292.5,25.5,22.0,8.0,24.5,22834.5,35.5,13689.0
PLP,559943,2.89,0.63,1.62,0.32,0.169,591.0,296.0,152.0,646.0,46.0,33.0,13.0,62.0,10548.0,89.0,11320.0
PLP,429154,2.82,0.64,1.56,0.28,0.184,593.0,337.0,161.0,589.0,47.0,40.0,14.0,60.0,12857.0,72.0,14222.0
PLP,243128,3.52,0.63,1.81,0.35,0.196,616.0,690.0,165.0,322.0,47.0,63.0,14.0,35.0,11193.0,93.0,12160.0
PLP,260310,3.75,0.67,1.8,0.44,0.169,660.0,656.0,174.0,425.0,49.0,58.0,14.0,43.0,14190.0,89.0,15879.0
PLP,257876,2.88,0.65,1.77,0.31,0.161,632.0,643.0,150.0,467.0,45.0,60.0,12.0,53.0,11790.0,79.0,13065.0
PLP,391206,3.19,0.65,1.78,0.31,0.164,628.0,640.0,162.0,384.0,46.0,59.0,13.0,45.0,11948.0,71.0,12952.0
PLP,1162103,4.83,0.65,3.3249999999999997,0.625,0.4,315.0,535.5,83.0,248.5,22.0,35.0,5.5,26.0,15476.0,40.0,9034.0
PLP,667775,4.22,0.615,2.0,0.465,0.28300000000000003,292.0,328.0,69.5,178.5,23.0,32.0,6.0,21.5,11195.5,43.5,5220.5
PLP,1031548,4.74,0.61,2.13,0.52,0.308,301.0,347.0,75.5,151.5,24.0,32.0,6.5,17.0,12669.5,46.5,6136.5
PLP,698908,4.66,0.665,2.1500000000000004,0.51,0.2695,334.5,314.5,87.5,205.5,24.5,27.5,7.0,20.5,11360.0,50.0,5307.0
PLP,368935,5.51,0.65,2.33,0.7,0.359,0.0,0.0,0.0,0.0,0.0,0.0,0.0,0.0,13958.0,0.0,0.0
PLP,322686,3.41,0.67,1.71,0.36,0.166,658.0,544.0,194.0,795.0,51.0,61.0,15.0,67.0,8050.0,112.0,7911.0
PLP,994063,3.565,0.675,2.215,0.425,0.203,354.5,388.0,108.5,187.0,24.5,27.0,7.0,17.0,16005.5,46.0,13732.0
PLP,254499,3.59,0.6,1.41,0.27,0.195,539.0,435.0,141.0,373.0,50.0,48.0,14.0,51.0,12463.0,55.0,13100.0
PLP,1096526,5.535,0.675,2.455,0.48,0.2595,334.5,318.0,108.5,232.0,24.0,26.5,7.5,22.5,11929.5,57.5,5064.0
PLP,1059233,4.64,0.62,1.9500000000000002,0.395,0.35450000000000004,265.5,219.5,72.5,186.5,24.5,24.0,7.0,26.5,13536.5,26.0,6511.5
PLP,1284206,4.36,0.66,2.04,0.54,0.4735,324.0,321.5,86.0,237.0,24.0,26.5,6.5,24.5,13800.0,58.0,6319.5
PLP,8006022,6.605,0.62,2.165,1.25,0.2445,297.5,181.5,88.0,254.0,24.0,17.5,7.5,26.0,14133.0,200.5,4707.0
PLP,309144,6.07,0.63,2.43,0.67,0.295,0.0,0.0,0.0,0.0,0.0,0.0,0.0,0.0,13341.0,0.0,0.0
PLP,242232,3.18,0.59,1.6,0.38,0.212,564.0,502.0,102.0,556.0,48.0,54.0,10.0,56.0,10927.0,78.0,12448.0
PLP,865242,5.25,0.675,2.455,0.645,0.34550000000000003,348.5,337.5,96.5,210.0,25.0,27.0,7.5,19.0,14028.5,51.0,8147.0
PLP,256363,5.54,0.68,2.67,0.58,0.512,0.0,0.0,0.0,0.0,0.0,0.0,0.0,0.0,12147.0,0.0,0.0
PLP,2462548,4.970000000000001,0.64,2.66,0.44999999999999996,0.4475,294.5,234.0,116.5,226.0,21.5,25.0,8.0,29.0,15485.0,33.5,8605.5
PLP,510591,4.205,0.67,2.0949999999999998,0.51,0.47250000000000003,330.5,287.0,90.5,269.0,24.0,24.0,6.5,26.5,14022.0,62.0,6747.5
PLP,316793,5.98,0.68,2.9,0.62,0.331,0.0,0.0,0.0,0.0,0.0,0.0,0.0,0.0,13469.0,0.0,0.0
PLP,605702,4.38,0.65,2.045,0.54,0.35950000000000004,318.0,318.0,85.5,322.5,25.0,32.0,6.5,30.5,11378.0,52.5,5157.5
PLP,1625548,4.63,0.62,2.125,0.645,0.328,308.0,312.0,85.0,386.0,25.0,36.0,7.0,34.5,11568.5,56.5,4998.0
PLP,233329,3.97,0.66,1.76,0.59,0.174,641.0,672.0,165.0,426.0,47.0,61.0,13.0,45.0,13767.0,114.0,16173.0
PLP,1558059,4.92,0.63,1.92,0.7450000000000001,0.378,300.5,355.5,68.0,390.0,24.0,41.0,5.5,34.5,13716.5,51.0,6439.0
PLP,837908,4.675000000000001,0.655,2.08,0.575,0.35,315.5,322.0,88.5,279.0,24.0,30.5,7.5,28.0,15709.5,38.0,8599.0
PLP,313767,2.83,0.66,1.62,0.3,0.172,622.0,589.0,154.0,637.0,48.0,62.0,12.0,64.0,10870.0,81.0,11777.0
PLP,1237461,4.6899999999999995,0.64,3.12,0.625,0.4415,303.5,442.0,84.0,255.5,21.5,34.5,6.0,28.0,16582.5,39.5,9718.0
PLP,637304,4.5649999999999995,0.615,2.03,0.605,0.36150000000000004,285.5,314.5,72.5,196.0,23.0,33.5,6.0,24.0,13068.5,39.0,6572.0
PLP,1160800,4.359999999999999,0.61,2.08,0.48,0.359,293.5,337.0,75.5,145.0,23.5,32.5,6.5,17.5,13385.0,40.5,7024.0
PLP,622930,4.795,0.67,2.215,0.58,0.36350000000000005,329.0,327.5,88.0,180.5,24.0,30.0,7.0,18.5,13372.5,48.0,7671.0
PLP,259866,5.82,0.65,2.25,1.08,0.538,0.0,0.0,0.0,0.0,0.0,0.0,0.0,0.0,14761.0,0.0,0.0
PLP,366443,5.26,0.66,2.22,0.66,0.476,0.0,0.0,0.0,0.0,0.0,0.0,0.0,0.0,13304.0,0.0,0.0
PLP,231216,3.42,0.67,1.72,0.34,0.168,646.0,625.0,164.0,348.0,48.0,60.0,13.0,40.0,13041.0,77.0,14458.0
PLP,393641,5.81,0.64,3.41,0.72,0.558,0.0,0.0,0.0,0.0,0.0,0.0,0.0,0.0,15803.0,0.0,0.0
PDP,40418,3.385,0.605,3.425,0.22,0.499,477.5,44.5,198.0,753.5,28.5,3.0,14.0,33.0,9126.5,38.0,9129.5
PDP,172938,4.3,0.65,4.67,0.32,1.362,0.0,0.0,0.0,0.0,0.0,0.0,0.0,0.0,80078.0,0.0,0.0
PDP,598139,5.45,0.65,4.029999999999999,0.3,0.7745,378.5,1249.0,83.5,181.0,19.5,40.0,4.5,16.0,33922.0,65.5,12493.0
PDP,537727,5.359999999999999,0.6699999999999999,4.21,0.325,0.7365,381.5,1472.5,86.5,109.5,18.0,41.5,4.0,10.5,28224.0,71.5,14343.0
PDP,136433,5.67,0.69,3.67,0.24,0.122,794.0,2556.0,203.0,362.0,41.0,80.0,11.0,29.0,22153.0,79.0,22663.0
PDP,277561,5.81,0.65,3.52,0.26,0.133,729.0,2500.0,179.0,306.0,40.0,81.0,9.0,28.0,25119.0,78.0,25435.0
PDP,416385,5.005000000000001,0.6699999999999999,4.055,0.3,0.778,384.0,1327.0,86.0,110.5,19.0,40.5,4.0,10.5,46832.0,62.5,14723.5
PDP,193495,4.1,0.65,4.38,0.34,1.327,0.0,0.0,0.0,0.0,0.0,0.0,0.0,0.0,30550.0,0.0,0.0
PDP,427785,4.49,0.62,4.5,0.34,1.306,0.0,0.0,0.0,0.0,0.0,0.0,0.0,0.0,34979.0,0.0,0.0
PDP,144238,4.95,0.64,4.61,0.33,1.402,0.0,0.0,0.0,0.0,0.0,0.0,0.0,0.0,91728.0,0.0,0.0
PDP,225563,4.1,0.65,4.66,0.34,1.375,0.0,0.0,0.0,0.0,0.0,0.0,0.0,0.0,91253.0,0.0,0.0
PDP,220978,4.56,0.64,4.69,0.32,1.421,0.0,0.0,0.0,0.0,0.0,0.0,0.0,0.0,104343.0,0.0,0.0
PDP,147181,5.15,0.51,1.79,0.3,0.106,721.0,328.0,195.0,526.0,54.0,28.0,16.0,38.0,31368.0,79.0,31603.0
PDP,166518,4.44,0.66,4.83,0.35,1.313,0.0,0.0,0.0,0.0,0.0,0.0,0.0,0.0,43116.0,0.0,0.0
PDP,192968,4.87,0.65,4.55,0.33,1.34,0.0,0.0,0.0,0.0,0.0,0.0,0.0,0.0,73237.0,0.0,0.0
PDP,681257,5.755,0.64,4.295,0.31,0.726,383.0,1308.0,74.0,174.0,21.0,40.0,4.0,15.0,47904.0,65.0,18134.0
PDP,168040,5.55,0.51,1.74,0.33,0.107,665.0,326.0,153.0,606.0,52.0,29.0,13.0,43.0,36130.0,131.0,36397.0
PDP,739962,5.48,0.65,4.21,0.32,0.7395,381.5,1374.5,77.0,157.0,19.5,41.0,4.0,14.0,45544.5,71.0,16559.5
PDP,338166,6.07,0.655,4.425000000000001,0.33999999999999997,0.7210000000000001,383.0,1499.5,97.0,151.0,19.0,41.0,4.5,13.0,39822.5,81.0,14307.0
PDP,666823,5.005,0.635,3.985,0.3,0.771,371.0,1274.5,75.5,150.0,18.5,40.5,4.0,14.0,29491.5,67.5,13193.5
PDP,145734,4.49,0.51,1.75,0.26,0.107,716.0,361.0,146.0,504.0,54.0,32.0,12.0,38.0,20392.0,85.0,20608.0
PDP,365025,4.619999999999999,0.67,4.13,0.28500000000000003,0.7205,381.0,1265.5,78.0,182.0,21.5,40.0,4.0,15.5,34469.5,50.5,12255.0
PDP,206473,4.62,0.5,1.73,0.3,0.104,676.0,352.0,157.0,539.0,52.0,31.0,13.0,40.0,24197.0,96.0,24454.0
PDP,167142,5.99,0.65,4.13,0.33,0.123,758.0,3008.0,225.0,321.0,36.0,83.0,10.0,28.0,28448.0,68.0,28446.0
PDP,151138,4.61,0.66,5.14,0.39,1.297,0.0,0.0,0.0,0.0,0.0,0.0,0.0,0.0,60271.0,0.0,0.0
PDP,183822,4.28,0.66,4.69,0.34,1.313,0.0,0.0,0.0,0.0,0.0,0.0,0.0,0.0,42975.0,0.0,0.0
PDP,143688,4.22,0.66,4.48,0.32,1.519,0.0,0.0,0.0,0.0,0.0,0.0,0.0,0.0,67403.0,0.0,0.0
PDP,415603,5.895,0.685,5.08,0.425,0.682,387.0,1787.0,92.0,174.0,16.0,42.5,4.0,13.5,34474.5,101.5,13637.5
PDP,386435,5.365,0.6799999999999999,4.45,0.355,0.7305,389.0,1505.0,83.0,145.0,18.0,41.5,4.0,12.5,36296.5,88.0,12827.5
PDP,166509,4.97,0.65,5.2,0.38,1.33,0.0,0.0,0.0,0.0,0.0,0.0,0.0,0.0,53537.0,0.0,0.0
PDP,606354,5.135,0.625,4.215,0.33999999999999997,0.767,365.0,1119.0,73.0,211.0,22.5,39.0,4.5,17.0,34226.0,56.5,11760.0
PDP,143639,5.26,0.47,1.85,0.33,0.106,718.0,328.0,135.0,629.0,52.0,27.0,11.0,43.0,27270.0,100.0,27577.0
PDP,564817,5.19,0.48,1.8,0.31,0.105,666.0,359.0,143.0,617.0,50.0,30.0,11.0,43.0,26380.0,101.0,26740.0
PDP,215623,5.45,0.63,3.57,0.3,0.117,741.0,2432.0,144.0,387.0,44.0,79.0,8.0,32.0,24342.0,114.0,24390.0
PDP,363352,4.82,0.48,1.81,0.31,0.104,672.0,375.0,140.0,607.0,51.0,32.0,11.0,42.0,26092.0,101.0,26560.0
PDP,215528,5.31,0.68,5.03,0.38,1.216,0.0,0.0,0.0,0.0,0.0,0.0,0.0,0.0,48410.0,0.0,0.0
PDP,213346,4.51,0.65,5.12,0.4,1.354,0.0,0.0,0.0,0.0,0.0,0.0,0.0,0.0,55655.0,0.0,0.0
PDP,657521,5.33,0.6599999999999999,4.395,0.365,0.744,381.5,1442.0,83.5,178.5,19.5,41.0,4.5,15.0,48815.5,91.5,12820.0
PDP,209525,4.35,0.64,4.63,0.32,1.415,0.0,0.0,0.0,0.0,0.0,0.0,0.0,0.0,44444.0,0.0,0.0
PDP,458020,5.1,0.6799999999999999,4.285,0.325,0.7205,400.5,1388.0,85.0,149.5,21.0,40.5,4.5,13.0,40616.0,55.0,13867.0
PDP,133629,5.21,0.52,1.83,0.32,0.104,744.0,360.0,145.0,559.0,54.0,30.0,11.0,39.0,29516.0,97.0,29864.0
PDP,160978,5.31,0.64,4.91,0.36,1.495,0.0,0.0,0.0,0.0,0.0,0.0,0.0,0.0,79825.0,0.0,0.0
PDP,186418,4.5,0.66,4.46,0.3,1.359,0.0,0.0,0.0,0.0,0.0,0.0,0.0,0.0,51404.0,0.0,0.0
PDP,211749,3.95,0.66,4.28,0.27,1.405,0.0,0.0,0.0,0.0,0.0,0.0,0.0,0.0,68574.0,0.0,0.0
PDP,583398,5.33,0.675,4.1850000000000005,0.3,0.7585,384.0,1428.0,82.0,98.5,17.0,41.0,3.5,10.0,36997.0,66.0,15410.5
PDP,134023,5.46,0.52,1.85,0.33,0.109,709.0,323.0,167.0,596.0,53.0,28.0,13.0,42.0,32694.0,137.0,33059.0
PDP,306015,4.23,0.64,4.42,0.26,1.477,0.0,0.0,0.0,0.0,0.0,0.0,0.0,0.0,42533.0,0.0,0.0
PDP,147819,4.02,0.67,4.32,0.24,1.269,0.0,0.0,0.0,0.0,0.0,0.0,0.0,0.0,52002.0,0.0,0.0
PDP,207567,4.2,0.65,4.38,0.28,1.408,0.0,0.0,0.0,0.0,0.0,0.0,0.0,0.0,48821.0,0.0,0.0
PDP,176051,3.92,0.67,4.46,0.28,1.449,0.0,0.0,0.0,0.0,0.0,0.0,0.0,0.0,59413.0,0.0,0.0
PDP,1018475,4.9350000000000005,0.645,3.82,0.31,0.7190000000000001,376.5,1178.0,84.0,198.0,21.0,40.0,4.5,17.0,32012.0,36.5,13224.5
PDP,469692,4.82,0.49,1.74,0.3,0.103,675.0,312.0,142.0,598.0,52.0,28.0,12.0,43.0,31671.0,67.0,32126.0
PDP,1009559,4.949999999999999,0.645,3.7249999999999996,0.29500000000000004,0.7230000000000001,372.5,1131.0,86.5,200.5,21.0,39.5,5.0,17.0,32528.5,32.5,12069.0
PDP,331384,4.79,0.51,1.73,0.29,0.104,694.0,321.0,141.0,569.0,53.0,29.0,12.0,42.0,28078.0,65.0,28286.0
PDP,208033,4.75,0.5,1.67,0.28,0.103,675.0,293.0,135.0,586.0,53.0,27.0,11.0,43.0,30451.0,62.0,30745.0
PDP,444952,4.75,0.675,3.765,0.28,0.7494999999999999,384.5,1144.0,85.0,179.0,20.5,39.5,4.5,16.0,26898.5,34.5,11437.5
PDP,138927,4.66,0.54,1.77,0.28,0.104,694.0,286.0,136.0,660.0,52.0,25.0,11.0,45.0,26888.0,57.0,27205.0
PDP,154974,3.75,0.66,4.55,0.37,1.488,0.0,0.0,0.0,0.0,0.0,0.0,0.0,0.0,21059.0,0.0,0.0
PDP,160658,3.71,0.68,4.46,0.36,1.441,0.0,0.0,0.0,0.0,0.0,0.0,0.0,0.0,24110.0,0.0,0.0
PDP,245422,3.79,0.65,4.47,0.34,1.426,0.0,0.0,0.0,0.0,0.0,0.0,0.0,0.0,24309.0,0.0,0.0
PDP,947316,4.4,0.655,3.9349999999999996,0.31,0.775,372.5,1238.5,81.0,163.5,20.0,40.0,4.5,14.5,27804.0,43.0,14807.0
PDP,140983,4.51,0.5,1.78,0.3,0.108,717.0,366.0,137.0,556.0,53.0,32.0,11.0,40.0,31847.0,76.0,32052.0
PDP,172862,4.5,0.51,1.71,0.33,0.104,658.0,309.0,203.0,592.0,51.0,27.0,16.0,43.0,33417.0,83.0,33731.0
PDP,198710,4.1,0.47,1.75,0.3,0.108,687.0,331.0,146.0,643.0,51.0,29.0,12.0,45.0,17033.0,96.0,18168.0
PDP,2478176,4.74,0.63,4.12,0.33999999999999997,0.804,376.0,1390.0,82.5,148.5,18.5,41.0,4.0,13.5,32879.5,45.5,14005.5
PDP,291546,4.65,0.47,1.74,0.31,0.108,667.0,351.0,145.0,574.0,51.0,30.0,12.0,42.0,35595.0,78.0,35984.0
PDP,222303,4.55,0.51,1.67,0.3,0.101,678.0,328.0,171.0,519.0,53.0,29.0,14.0,39.0,34844.0,75.0,35167.0
PDP,145611,3.75,0.65,4.08,0.28,1.316,0.0,0.0,0.0,0.0,0.0,0.0,0.0,0.0,22347.0,0.0,0.0
PDP,286907,2.93,0.58,4.28,0.31,1.663,0.0,0.0,0.0,0.0,0.0,0.0,0.0,0.0,12331.0,0.0,0.0
PDP,380853,4.18,0.48,1.7,0.28,0.108,669.0,335.0,139.0,610.0,51.0,29.0,11.0,44.0,17192.0,82.0,18362.0
PDP,156262,4.09,0.53,1.66,0.26,0.105,672.0,304.0,169.0,582.0,52.0,27.0,14.0,43.0,18802.0,65.0,19030.0
PDP,2956452,4.64,0.6299999999999999,4.07,0.325,0.8215,371.5,1391.0,81.0,128.0,17.5,41.0,4.0,12.5,32491.0,44.0,13413.5
PDP,213893,4.61,0.47,1.75,0.3,0.108,683.0,372.0,132.0,536.0,52.0,33.0,11.0,40.0,35765.0,78.0,35027.0
PDP,261348,4.66,0.51,1.66,0.3,0.102,663.0,321.0,151.0,556.0,52.0,29.0,13.0,41.0,40076.0,73.0,40407.0
PDP,129176,4.55,0.72,3.81,0.22,0.134,752.0,2771.0,183.0,192.0,31.0,82.0,7.0,21.0,17304.0,76.0,19590.0
PDP,198650,3.72,0.64,4.04,0.27,1.31,0.0,0.0,0.0,0.0,0.0,0.0,0.0,0.0,36374.0,0.0,0.0
PDP,396291,2.99,0.57,4.16,0.29,1.703,0.0,0.0,0.0,0.0,0.0,0.0,0.0,0.0,9206.0,0.0,0.0
PDP,338461,4.18,0.47,1.7,0.27,0.11,667.0,318.0,136.0,626.0,51.0,28.0,11.0,45.0,16510.0,87.0,17932.0
PDP,127281,4.02,0.54,1.66,0.24,0.105,686.0,301.0,162.0,572.0,53.0,27.0,14.0,42.0,16873.0,65.0,17088.0
PDP,130975,5.53,0.7,4.34,0.3,0.11,771.0,3212.0,195.0,182.0,31.0,84.0,8.0,18.0,26252.0,89.0,23638.0
PDP,149678,4.26,0.64,4.41,0.3,1.507,0.0,0.0,0.0,0.0,0.0,0.0,0.0,0.0,67269.0,0.0,0.0
STATIC,177741,9.93,0.64,4.19,0.83,0.714,0.0,0.0,0.0,0.0,0.0,0.0,0.0,0.0,0.0,0.0,0.0
STATIC,41122,3.66,0.99,2.37,0.32,0.198,1080.0,221.0,549.0,608.0,56.0,13.0,29.0,37.0,42213.0,61.0,42598.0
STATIC,35624,3.94,0.99,2.31,0.18,0.229,0.0,0.0,0.0,0.0,0.0,0.0,0.0,0.0,0.0,0.0,0.0
STATIC,29640,3.5,0.97,2.79,0.18,0.145,0.0,0.0,0.0,0.0,0.0,0.0,0.0,0.0,0.0,0.0,0.0
STATIC,72342,3.44,0.93,2.79,0.18,0.176,0.0,0.0,0.0,0.0,0.0,0.0,0.0,0.0,0.0,0.0,0.0
STATIC,91419,4.24,0.965,2.26,0.32999999999999996,0.194,536.0,103.5,262.0,302.0,28.5,6.5,14.0,18.5,53865.0,32.0,22338.0
STATIC,18734,3.57,0.65,6.77,0.26,0.602,637.0,5360.0,253.0,5366.0,20.0,93.0,11.0,96.0,59771.0,114.0,58738.0
STATIC,38571,4.44,0.58,4.15,0.18,0.847,0.0,0.0,0.0,0.0,0.0,0.0,0.0,0.0,0.0,0.0,0.0
STATIC,167002,10.35,1.04,2.63,0.16499999999999998,0.185,597.0,107.0,231.5,407.5,29.0,6.5,11.5,21.5,14984.5,31.5,14871.5
STATIC,45503,6.96,0.87,2.67,0.22,0.259,0.0,0.0,0.0,0.0,0.0,0.0,0.0,0.0,0.0,0.0,0.0
STATIC,30023,4.55,1.05,2.66,0.16,0.126,1300.0,208.0,455.0,823.0,59.0,11.0,22.0,39.0,21483.0,40.0,21822.0
STATIC,131323,1.98,0.535,3.12,0.135,0.69,263.0,80.0,144.0,1153.0,11.5,8.5,13.0,46.0,11215.0,16.0,11207.5
STATIC,148149,4.76,0.64,2.23,0.15,0.116,990.0,232.0,293.0,784.0,54.0,14.0,17.0,46.0,16833.0,40.0,16985.0
STATIC,63543,4.275,0.645,4.755,0.245,0.8705,352.0,1698.5,196.0,60.5,11.0,43.0,6.0,18.0,11586.0,44.0,11624.0
STATIC,87264,8.9,0.63,4.69,0.47,0.778,0.0,0.0,0.0,0.0,0.0,0.0,0.0,0.0,0.0,0.0,0.0
STATIC,18092,3.78,0.87,2.28,0.2,0.152,1123.0,190.0,357.0,712.0,58.0,12.0,20.0,43.0,19383.0,69.0,19537.0
STATIC,197611,2.4699999999999998,0.5700000000000001,1.5150000000000001,0.13,0.199,258.5,73.0,144.0,288.0,22.0,7.0,12.0,24.5,12849.0,18.5,12909.5
STATIC,268369,4.535,0.525,1.88,0.07,0.084,342.0,44.0,165.0,468.5,22.0,3.0,10.5,28.5,13629.0,16.5,13688.5
STATIC,39792,5.91,0.8,2.66,0.19,0.129,0.0,0.0,0.0,0.0,0.0,0.0,0.0,0.0,0.0,0.0,0.0
STATIC,116336,4.27,0.855,2.49,0.25,0.15400000000000003,560.0,85.5,179.5,424.0,28.0,5.5,10.0,22.5,17720.0,21.0,18293.0
STATIC,31021,5.05,0.68,4.7,0.26,0.898,0.0,0.0,0.0,0.0,0.0,0.0,0.0,0.0,0.0,0.0,0.0
STATIC,36143,4.97,0.58,4.35,0.22,0.79,0.0,0.0,0.0,0.0,0.0,0.0,0.0,0.0,0.0,0.0,0.0
STATIC,822891,3.62,0.6799999999999999,4.49,0.345,0.8325,356.0,1642.5,206.5,41.5,11.0,42.0,6.0,4.5,19761.5,34.5,19421.0
STATIC,31202,6.64,1.16,2.55,0.18,0.139,1213.0,211.0,507.0,759.0,57.0,12.0,26.0,39.0,20321.0,64.0,19775.0
STATIC,37093,5.59,1.01,2.6,0.22,0.135,0.0,0.0,0.0,0.0,0.0,0.0,0.0,0.0,0.0,0.0,0.0
STATIC,34339,4.92,0.62,4.25,0.18,1.259,0.0,0.0,0.0,0.0,0.0,0.0,0.0,0.0,0.0,0.0,0.0
STATIC,46975,3.8,0.48,6.75,0.22,0.087,0.0,0.0,0.0,0.0,0.0,0.0,0.0,0.0,0.0,0.0,0.0
STATIC,36159,3.12,0.6,5.17,0.22,0.136,0.0,0.0,0.0,0.0,0.0,0.0,0.0,0.0,0.0,0.0,0.0
STATIC,93427,4.359999999999999,0.6,3.535,0.11499999999999999,0.9015,317.0,1185.5,204.5,173.0,14.5,41.0,9.5,26.0,26326.0,15.0,26462.5
STATIC,128623,3.375,0.56,3.53,0.155,0.837,271.5,1166.5,153.5,342.5,11.0,44.0,6.0,39.5,23292.0,16.5,23413.5
STATIC,28468,2.82,0.53,3.83,0.14,0.58,574.0,123.0,616.0,3204.0,20.0,8.0,34.0,91.0,44019.0,52.0,44147.0
STATIC,33858,8.06,0.62,4.45,0.18,0.668,0.0,0.0,0.0,0.0,0.0,0.0,0.0,0.0,0.0,0.0,0.0
STATIC,73924,9.675,0.615,4.485,0.18,0.6214999999999999,329.5,1495.5,212.0,1662.0,10.5,41.5,12.0,46.5,28438.5,17.5,28210.0
STATIC,84844,9.73,1.75,4.09,0.26,0.506,1813.0,231.0,400.0,1944.0,62.0,6.0,11.0,51.0,25194.0,111.0,25587.0
STATIC,73050,2.72,0.59,7.1,0.22,0.673,628.0,7023.0,186.0,2511.0,17.0,91.0,3.0,89.0,29089.0,106.0,29267.0
STATIC,137352,13.41,1.77,4.59,0.29,0.478,1803.0,141.0,440.0,2469.0,61.0,3.0,10.0,57.0,30878.0,183.0,31383.0
STATIC,288377,4.845000000000001,0.655,3.725,0.16,0.7625,317.5,991.5,284.0,1448.5,11.5,36.0,14.0,46.5,8110.0,20.0,7951.5
STATIC,544461,3.3,0.605,4.675000000000001,0.21000000000000002,0.688,305.5,1996.0,152.5,1428.0,9.5,45.0,5.0,45.0,17654.0,27.0,17767.0
STATIC,89410,4.88,0.45,4.41,0.22,0.821,0.0,0.0,0.0,0.0,0.0,0.0,0.0,0.0,0.0,0.0,0.0
STATIC,25200,20.41,1.02,3.92,0.49,0.11,1168.0,192.0,397.0,1762.0,42.0,7.0,16.0,61.0,12850.0,0.0,0.0
STATIC,46522,7.48,1.15,3.11,0.26,0.126,0.0,0.0,0.0,0.0,0.0,0.0,0.0,0.0,0.0,0.0,0.0
STATIC,20882,24.94,1.05,7.12,1.03,0.099,1445.0,214.0,493.0,3269.0,42.0,6.0,15.0,71.0,134328.0,244.0,5297.0
STATIC,52880,4.72,0.92,2.66,0.16,0.166,0.0,0.0,0.0,0.0,0.0,0.0,0.0,0.0,0.0,0.0,0.0
STATIC,43131,4.2,1.03,2.56,0.16,0.117,1294.0,214.0,450.0,1192.0,60.0,11.0,21.0,60.0,58429.0,49.0,58685.0
STATIC,218028,6.715,0.815,5.32,0.2,0.1405,2098.5,70.5,175.5,645.5,40.5,3.0,7.5,26.5,23014.5,26.5,22936.0
STATIC,148348,4.32,0.66,4.32,0.22,0.9119999999999999,354.0,370.0,276.5,1696.0,12.0,16.0,14.0,45.0,0.0,0.0,0.0
STATIC,29219,6.21,0.56,4.55,0.22,1.141,0.0,0.0,0.0,0.0,0.0,0.0,0.0,0.0,0.0,0.0,0.0
STATIC,216381,4.65,0.615,4.1850000000000005,0.175,0.6499999999999999,408.0,43.5,200.0,1538.0,17.0,3.0,13.0,44.5,14361.0,33.5,11082.0
STATIC,288636,4.904999999999999,0.505,2.04,0.15500000000000003,0.1135,326.0,158.5,208.0,344.0,21.5,10.0,14.0,22.0,14527.0,17.0,14611.0
STATIC,50006,6.08,0.82,3.38,0.14,0.129,1816.0,1093.0,329.0,212.0,65.0,42.0,12.0,11.0,20184.0,41.0,20418.0
STATIC,2086756,5.215,1.755,3.155,0.19,0.6515,888.5,555.0,147.5,623.0,33.5,20.5,5.5,24.5,16165.5,22.5,15042.0
STATIC,404385,6.859999999999999,1.74,3.74,0.195,0.6255,1050.0,694.0,173.5,700.0,34.0,21.0,5.5,24.0,16562.0,22.5,16287.5
STATIC,117153,4.475,1.72,3.2199999999999998,0.16,0.308,906.0,58.5,202.5,616.5,34.5,2.5,9.0,24.5,10893.0,18.5,10726.0
STATIC,29546,3.78,1.67,3.21,0.21,0.515,1844.0,658.0,304.0,1302.0,69.0,28.0,13.0,48.0,26012.0,53.0,26847.0
STATIC,136330,2.94,0.6699999999999999,6.565,0.53,0.6865,338.0,2708.5,152.5,981.0,13.5,45.5,8.5,43.0,14033.0,75.0,14727.0
STATIC,29093,2.96,0.81,2.04,0.3,0.282,0.0,0.0,0.0,0.0,0.0,0.0,0.0,0.0,0.0,0.0,0.0
STATIC,255566,4.41,0.56,4.365,0.195,0.7789999999999999,351.0,1464.0,224.0,85.5,11.0,42.0,7.0,32.5,17359.0,21.0,17452.5
STATIC,23708,3.17,0.62,4.36,0.18,0.741,662.0,3093.0,463.0,407.0,20.0,86.0,14.0,76.0,43840.0,46.0,44208.0
STATIC,193735,5.15,0.96,2.565,0.17,0.1825,646.5,76.5,205.0,405.5,30.0,4.5,10.0,21.5,12440.0,20.0,12497.5
STATIC,25902,15.18,1.01,4.03,0.57,0.115,1172.0,167.0,463.0,1751.0,45.0,6.0,19.0,61.0,28666.0,152.0,33989.0
STATIC,33727,6.66,0.31,2.7,0.23,0.132,1231.0,335.0,423.0,813.0,57.0,21.0,20.0,44.0,32589.0,75.0,32710.0
STATIC,44226,3.02,0.78,2.01,0.21,0.156,835.0,190.0,531.0,564.0,51.0,14.0,34.0,40.0,17193.0,1999.0,12129.0
STATIC,18672,3.93,0.96,2.23,0.22,0.178,1024.0,199.0,532.0,585.0,53.0,13.0,33.0,38.0,19796.0,72.0,19935.0
STATIC,61523,3.31,0.68,2.02,0.26,0.261,0.0,0.0,0.0,0.0,0.0,0.0,0.0,0.0,0.0,0.0,0.0
STATIC,81866,3.68,0.81,2.29,0.22,0.177,0.0,0.0,0.0,0.0,0.0,0.0,0.0,0.0,0.0,0.0,0.0
STATIC,32796,6.65,0.78,1.88,0.3,0.39,860.0,216.0,343.0,587.0,54.0,16.0,25.0,41.0,22988.0,183.0,23279.0
STATIC,94756,2.935,0.64,3.9000000000000004,0.18,0.6795,338.0,97.0,191.5,1336.5,13.5,8.0,13.0,44.5,24283.0,23.0,24307.0
STATIC,82461,6.34,0.65,5.605,0.185,0.7404999999999999,589.5,1904.5,116.5,668.0,15.0,43.0,2.5,34.5,35952.5,28.5,35992.5
STATIC,24009,3.9,1.04,2.5,0.14,0.118,1238.0,194.0,529.0,678.0,58.0,11.0,27.0,37.0,17105.0,32.0,16835.0
STATIC,204776,3.11,0.6,4.109999999999999,0.16999999999999998,0.724,313.5,1490.0,164.0,28.5,10.0,42.5,5.0,2.0,11963.5,19.5,12090.0
STATIC,1689709,3.255,0.57,4.244999999999999,0.115,1.022,285.0,1874.5,115.5,1269.5,9.0,44.0,3.5,45.5,10412.0,17.0,10596.0
STATIC,34741,5.08,0.66,4.21,0.44,0.643,0.0,0.0,0.0,0.0,0.0,0.0,0.0,0.0,0.0,0.0,0.0
STATIC,29738,3.21,0.62,3.82,0.12,0.868,581.0,2818.0,459.0,294.0,22.0,94.0,18.0,50.0,29446.0,40.0,29555.0
SPLP,45173,4.855,0.725,4.1450000000000005,0.22,0.9864999999999999,512.0,90.0,154.0,1157.5,24.5,5.5,9.0,41.5,13442.0,69.0,13873.0
SPLP,13690,3.44,0.53,4.06,0.75,0.984,0.0,0.0,0.0,0.0,0.0,0.0,0.0,0.0,15804.0,0.0,0.0
SPLP,29609,3.825,0.6799999999999999,4.609999999999999,0.5449999999999999,0.581,370.0,1931.5,106.5,481.0,11.0,42.0,3.0,18.5,22938.5,36.5,14760.5
SPLP,42830,3.83,0.71,5.125,0.595,0.5005,408.0,2048.0,110.5,763.0,11.5,41.0,4.0,32.5,19951.5,49.5,12072.0
SPLP,12132,2.83,0.78,4.47,0.38,0.297,759.0,3510.0,173.0,1141.0,24.0,81.0,6.0,66.0,9206.0,92.0,8294.0
SPLP,14398,2.98,0.53,3.3,0.27,0.615,0.0,0.0,0.0,0.0,0.0,0.0,0.0,0.0,9638.0,0.0,0.0
SPLP,11438,2.62,0.64,4.29,0.26,0.285,527.0,3550.0,172.0,635.0,16.0,86.0,6.0,19.0,14535.0,43.0,15634.0
SPLP,13697,4.5,0.58,4.19,0.58,0.651,0.0,0.0,0.0,0.0,0.0,0.0,0.0,0.0,17267.0,0.0,0.0
SPLP,13993,2.39,0.73,3.81,0.22,0.267,655.0,2993.0,164.0,489.0,22.0,86.0,7.0,23.0,9031.0,55.0,7684.0
SPLP,64767,3.995,0.645,4.300000000000001,0.5650000000000001,0.617,376.0,1620.5,109.5,283.5,12.5,41.5,3.5,10.0,23701.5,36.0,14209.5
SPLP,13059,4.36,0.55,3.95,0.63,0.778,0.0,0.0,0.0,0.0,0.0,0.0,0.0,0.0,19119.0,0.0,0.0
SPLP,37579,3.0700000000000003,0.595,4.305,0.42000000000000004,0.5355,328.5,1805.0,77.5,351.0,10.5,42.5,2.5,10.5,18943.5,26.5,11365.0
SPLP,52402,4.03,0.645,4.17,0.45999999999999996,0.5705,341.5,1690.5,96.5,305.0,10.5,42.0,3.5,9.5,19110.0,22.5,11976.5
SPLP,29912,4.91,0.53,4.01,0.56,0.671,0.0,0.0,0.0,0.0,0.0,0.0,0.0,0.0,17605.0,0.0,0.0
SPLP,13719,4.03,0.55,4.38,0.65,0.694,0.0,0.0,0.0,0.0,0.0,0.0,0.0,0.0,21462.0,0.0,0.0
SPLP,12880,3.64,0.54,4.71,0.78,0.778,0.0,0.0,0.0,0.0,0.0,0.0,0.0,0.0,24387.0,0.0,0.0
SPLP,11453,2.66,0.78,4.11,0.28,0.28,729.0,3339.0,200.0,720.0,24.0,85.0,7.0,26.0,15933.0,51.0,17683.0
SPLP,32322,3.4749999999999996,0.6950000000000001,4.484999999999999,0.46499999999999997,0.484,388.0,1765.5,106.5,375.0,11.5,41.5,3.5,12.0,14829.5,37.5,8764.0
SPLP,15966,2.42,0.64,3.61,0.27,0.285,583.0,2886.0,155.0,159.0,24.0,87.0,7.0,9.0,7159.0,86.0,6770.0
SPLP,11077,2.87,0.68,4.72,0.24,0.271,628.0,3986.0,185.0,248.0,17.0,92.0,6.0,13.0,12073.0,53.0,14035.0
SPLP,11873,2.9,0.67,4.16,0.32,0.293,588.0,3398.0,175.0,627.0,20.0,85.0,6.0,20.0,11791.0,86.0,13730.0
SPLP,13894,3.17,0.82,4.96,0.52,0.381,843.0,4154.0,255.0,839.0,23.0,82.0,8.0,23.0,14477.0,77.0,14936.0
SPLP,52682,3.36,0.685,3.995,0.395,0.5245,360.0,1662.5,106.0,289.5,11.5,42.0,3.5,9.5,18455.0,22.0,10708.5
SPLP,11682,3.1,0.95,4.21,0.27,0.307,889.0,3349.0,224.0,592.0,28.0,82.0,7.0,18.0,25922.0,48.0,27192.0
SPLP,148353,3.12,0.94,3.75,0.195,0.47500000000000003,410.0,1596.0,102.0,125.0,14.0,43.5,3.5,5.0,10060.5,18.5,5755.5
SPLP,33452,2.37,0.605,3.295,0.165,0.506,315.5,1463.0,94.0,118.5,11.5,43.5,3.5,5.0,8649.5,19.5,3810.0
SPLP,11343,2.14,0.68,3.58,0.14,0.234,616.0,2901.0,147.0,209.0,25.0,87.0,6.0,9.0,8967.0,31.0,9200.0
SPLP,19219,2.13,0.64,3.74,0.16,0.278,615.0,2862.0,157.0,236.0,24.0,88.0,6.0,10.0,10566.0,32.0,10630.0
SPLP,12908,2.15,0.64,3.41,0.13,0.234,576.0,2682.0,122.0,229.0,23.0,88.0,6.0,10.0,9043.0,37.0,8722.0
SPLP,18425,2.33,0.73,3.34,0.14,0.257,593.0,2691.0,168.0,184.0,23.0,88.0,7.0,9.0,10658.0,37.0,10731.0
SPLP,61027,4.21,0.6799999999999999,4.705,0.66,0.5905,401.5,1811.5,119.0,353.5,12.0,41.5,4.0,12.0,23352.0,39.5,13148.0
SPLP,11573,2.92,0.74,4.27,0.39,0.464,702.0,3434.0,193.0,840.0,23.0,82.0,6.0,43.0,19272.0,94.0,23980.0
SPLP,14169,4.38,0.58,3.52,0.35,0.792,0.0,0.0,0.0,0.0,0.0,0.0,0.0,0.0,10588.0,0.0,0.0
SPLP,34184,2.585,0.635,3.7600000000000002,0.24,0.4585,360.5,1624.5,90.0,121.0,12.0,45.0,3.0,5.0,8977.0,25.0,4415.5
SPLP,58971,2.615,0.63,3.61,0.225,0.4705,364.0,1534.0,114.0,96.0,12.0,45.0,4.0,4.0,9276.5,24.0,4190.0
SPLP,23496,3.55,0.53,3.92,0.42,0.724,0.0,0.0,0.0,0.0,0.0,0.0,0.0,0.0,11578.0,0.0,0.0
SPLP,272429,3.24,0.685,3.86,0.315,0.499,349.0,1576.0,118.0,299.5,11.5,42.0,4.5,11.5,13985.5,20.5,9231.5
SPLP,20381,2.56,0.47,3.4,0.36,0.746,0.0,0.0,0.0,0.0,0.0,0.0,0.0,0.0,11441.0,0.0,0.0
SPLP,12715,2.48,0.46,3.04,0.29,0.84,0.0,0.0,0.0,0.0,0.0,0.0,0.0,0.0,9435.0,0.0,0.0
SPLP,75215,2.5949999999999998,0.585,3.49,0.26,0.5115000000000001,309.0,1434.5,87.5,301.5,11.5,41.5,3.0,12.5,9529.5,26.0,3804.0
SPLP,26882,2.4749999999999996,0.63,3.615,0.295,0.517,301.5,1519.5,95.0,291.5,11.0,41.0,3.0,11.0,15996.0,25.5,12100.0
SPLP,13058,2.64,0.49,3.32,0.35,0.807,0.0,0.0,0.0,0.0,0.0,0.0,0.0,0.0,11780.0,0.0,0.0
SPLP,33519,2.535,0.635,3.3049999999999997,0.255,0.5395000000000001,379.0,1292.5,71.0,245.0,14.0,41.0,2.5,10.0,10803.5,19.5,4835.0
SPLP,26291,2.335,0.575,3.295,0.22499999999999998,0.5465,281.0,1313.5,63.5,246.0,11.5,42.0,2.0,10.5,14309.0,18.0,9410.0
SPLP,12431,2.52,0.49,3.32,0.41,0.79,0.0,0.0,0.0,0.0,0.0,0.0,0.0,0.0,11722.0,0.0,0.0
SPLP,12070,2.54,0.5,3.16,0.3,0.798,0.0,0.0,0.0,0.0,0.0,0.0,0.0,0.0,9406.0,0.0,0.0
SPLP,44397,2.375,0.6,3.54,0.245,0.5145,334.5,1419.0,93.5,261.5,12.5,41.5,3.5,11.0,13556.5,19.5,7818.0
SPLP,52330,2.46,0.585,3.4450000000000003,0.265,0.5055000000000001,295.0,1402.0,89.0,270.5,11.5,41.5,3.5,11.0,12656.0,25.0,7870.0
SPLP,16666,2.42,0.47,3.12,0.34,0.884,0.0,0.0,0.0,0.0,0.0,0.0,0.0,0.0,11033.0,0.0,0.0
SPLP,61441,2.41,0.5700000000000001,3.55,0.27,0.4775,283.0,1466.0,89.0,278.0,10.5,41.5,3.0,11.0,11957.5,22.0,6957.5
SPLP,60796,2.4050000000000002,0.5449999999999999,3.59,0.285,0.5135000000000001,271.0,1447.5,80.0,298.0,10.0,42.0,3.5,11.5,15099.5,27.5,9663.0
SPLP,27612,2.525,0.605,3.5999999999999996,0.315,0.495,314.0,1498.0,100.0,312.5,11.5,42.0,3.5,11.5,14994.0,23.0,9014.0
SPLP,11527,2.35,0.67,3.51,0.15,0.237,571.0,2723.0,169.0,549.0,22.0,84.0,6.0,22.0,12718.0,43.0,13395.0
SPLP,40144,2.385,0.605,3.465,0.28,0.519,350.0,1523.0,88.5,271.5,11.5,42.0,3.0,9.5,13376.5,19.0,8949.0
SPLP,23790,2.44,0.585,3.625,0.275,0.5405,284.5,1546.0,82.5,323.5,11.0,41.5,3.0,11.5,10420.0,21.5,5241.0
SPLP,11459,2.36,0.7,3.95,0.21,0.228,632.0,3101.0,161.0,630.0,21.0,84.0,5.0,22.0,15775.0,47.0,16031.0
SPLP,12717,2.78,0.54,3.2,0.28,0.798,0.0,0.0,0.0,0.0,0.0,0.0,0.0,0.0,9041.0,0.0,0.0
SPLP,28038,2.645,0.615,3.425,0.245,0.5329999999999999,321.0,1467.5,69.0,298.0,11.5,42.0,2.5,11.0,13060.0,24.0,9881.5
SPLP,30258,2.28,0.65,3.67,0.18,0.254,534.0,2917.0,150.0,608.0,20.0,84.0,6.0,23.0,15970.0,45.0,18120.0
SPLP,12903,2.52,0.47,3.31,0.34,0.811,0.0,0.0,0.0,0.0,0.0,0.0,0.0,0.0,11692.0,0.0,0.0
SPLP,30881,2.58,0.51,3.31,0.36,0.813,0.0,0.0,0.0,0.0,0.0,0.0,0.0,0.0,10894.0,0.0,0.0
SPLP,37757,2.675,0.645,3.505,0.29000000000000004,0.5005,312.0,1394.0,77.5,268.5,11.5,41.0,2.5,10.5,11722.0,22.5,7020.0
SPLP,13232,2.41,0.48,3.21,0.42,0.817,0.0,0.0,0.0,0.0,0.0,0.0,0.0,0.0,9136.0,0.0,0.0
SPLP,56979,2.615,0.5900000000000001,3.5250000000000004,0.28,0.533,325.0,1358.0,83.0,283.0,12.5,41.5,3.0,11.5,13294.5,20.0,7464.5
SPLP,28156,3.44,0.5900000000000001,4.17,0.415,0.5205,314.5,1811.0,78.5,258.5,9.5,43.5,2.5,7.5,26271.0,23.5,19816.0
SPLP,17710,2.5,0.55,4.21,0.17,0.247,471.0,3776.0,166.0,404.0,14.0,89.0,5.0,13.0,13269.0,38.0,13480.0
SPLP,32978,2.825,0.64,4.07,0.38,0.516,349.5,1663.5,110.0,401.5,11.5,42.0,4.0,16.0,15473.5,32.5,10477.0
SPLP,13879,3.07,0.69,4.43,0.25,0.266,651.0,3530.0,178.0,901.0,19.0,85.0,6.0,36.0,14715.0,44.0,17198.0
SPLP,45269,3.42,0.6950000000000001,4.02,0.4,0.5994999999999999,348.5,1643.0,110.0,298.5,11.0,41.5,3.5,10.5,21308.5,19.0,12558.0
